,title,marque,image_principale,sku,description,prix,category,images,uniq_id,expiration
0,Goya Chorizos - 3.5oz,GOYA,https://target.scene7.com/is/image/Target/GUEST_e5baf9e7-4476-402a-9c59-304dfa87c676,47112125,"Goya Chorizo, 3.5 Ounce | GOYA Chorizo is a delicious spanish dry hot sausage with a great texture and spiced with traditional seasonings. Perfect for everyday cooking in omlettes, as party snacks, or simply on it's own, Goya Chorizo is a delicious pantry staple that is sure to be a family favorite. Naturally smoked, and meaty and tasty on its own, Goya Chorizo also adds loads of flavor to rice dishes and stews—and of course, it makes fantastic tapas dishes! If it's Goya ... it has to be good!",3.29,Pantry,"['https://target.scene7.com/is/image/Target/GUEST_e5baf9e7-4476-402a-9c59-304dfa87c676 ', ' https://target.scene7.com/is/image/Target/GUEST_fbbfea04-637e-4b16-a8b0-47c62aeb834d ', ' https://target.scene7.com/is/image/Target/GUEST_d56f3321-c120-4b3e-85ee-13ee4c8d0141']",57da2e50-60fd-5831-b9dd-eac14ae3cfcc,2022-06-12
1,Tyson Grilled & Ready Oven Roasted Diced Chicken Breast - Frozen - 22oz,Tyson,https://target.scene7.com/is/image/Target/GUEST_89fac4a8-d4c6-400a-9ba1-571bfbbfb9a1,14778739,"Made with chicken raised with no antibiotics ever and no added hormones or steroids, Tyson Grilled and Ready Fully Cooked Diced Oven Roasted Chicken Breast is a delicious addition to any meal. These oven roasted frozen chicken breasts are seasoned, diced and oven roasted to perfection. Simply toss this seasoned chicken with fresh vegetables, pasta and a splash of olive oil for a delicious weeknight dinner. With high quality farm raised chicken with no antibiotics ever, we keep it real in everything we do. Keep it real. Keep it Tyson. *Minimally processed, no artificial ingredients.
",10.39,Meat & Seafood,"['https://target.scene7.com/is/image/Target/GUEST_89fac4a8-d4c6-400a-9ba1-571bfbbfb9a1 ', ' https://target.scene7.com/is/image/Target/GUEST_41fad055-cf89-418c-9a14-a597f347488e ', ' https://target.scene7.com/is/image/Target/GUEST_d55e328f-92d4-4c90-8d46-aa493fa7b3f2 ', ' https://target.scene7.com/is/image/Target/GUEST_d67bf7a2-6417-41a0-9f60-4d25779462f0 ', ' https://target.scene7.com/is/image/Target/GUEST_38980bc6-2023-4eec-be00-b5d6e7e7cafe']",ca4c17da-bbd4-53bd-a596-78c42096b2df,2022-06-12
2,The Drunken Goat Semi Soft Goat Cheese Bathed in Red Wine - 6oz,Drunken Goat,https://target.scene7.com/is/image/Target/GUEST_f2eb83be-c3f0-4fa0-92aa-14e2ce69bf7b,14929058,"Literally meaning ''goat with wine'' this semi-firm pasteurized goat from Spain's Mediterranean coast is cured for 48-72 hours in Doble Pasta red wine. The paste remains nearly pure white and the rind absorbs a lovely violet hue. The paste is sweet and smooth, delicately grapey, with a gentle, pliable texture and mild fruity flavor. ",9.39,Deli,"['https://target.scene7.com/is/image/Target/GUEST_f2eb83be-c3f0-4fa0-92aa-14e2ce69bf7b ', ' https://target.scene7.com/is/image/Target/GUEST_a683b4ac-855e-4c7c-a8db-16ecd382d560 ', ' https://target.scene7.com/is/image/Target/GUEST_fd7c3886-fdf6-42b3-978c-23039ef7fa2d']",dc088ee6-4467-55ab-904b-c851ed1f85b2,2022-06-12
3,Bud Light Beer - 18pk/12 fl oz Bottles,Bud Light,https://target.scene7.com/is/image/Target/GUEST_03c3d05f-413a-4e8d-bf1f-d08dd034dd31,13392479,"Bud Light is brewed using barley malts, rice and a blend of premium aroma hop varieties and has a fresh, clean taste. This lager delivers a crisp finish. Bud Light is made with no preservatives or artificial flavors and has a 4.2% ABV. 18 pack of bottles.",17.99,"Wine, Beer & Liquor","['https://target.scene7.com/is/image/Target/GUEST_03c3d05f-413a-4e8d-bf1f-d08dd034dd31 ', ' https://target.scene7.com/is/image/Target/GUEST_a16cd46f-1582-4329-a8ab-83472f7f7030 ', ' https://target.scene7.com/is/image/Target/GUEST_cbea7d44-c36d-4eff-a968-32747dd37291 ', ' https://target.scene7.com/is/image/Target/GUEST_4a2ae2c0-4c3a-4672-b7d5-493da952f15f ', ' https://target.scene7.com/is/image/Target/GUEST_bce8e3d7-eebf-47c1-af59-2cc04257bf37']",e7e5d6e1-9850-513c-9b8d-a94424feab7e,2022-06-12
4,J. Lohr Estates Flume Crossing Sauvignon Blanc - 750ml Bottle,J. Lohr,https://target.scene7.com/is/image/Target/GUEST_7297f261-dae3-43f6-9cb2-39018f7ae4c8,81785851,"The grapes for the Flume Crossing Sauvignon Blanc are grown in the well-drained, sandy, cobblestone soils deposited by the Arroyo Seco River. These rugged soils keep yields in check and produce fruit with varietal intensity, minerality and exceptional weight. The long cool growing season of the Arroyo Seco appellation ensures that the fleeting, exotic fruit flavors of Sauvignon Blanc are retained along with a vibrant natural acidity. The Flume Crossing Sauvignon Blanc is created to be an expression of pure varietal character, influenced only by its terroir, gently guided by minimal farming and winemaking practices. Pale yellow in color and displays aromas of honeysuckle, sweet herbs, lime, and fig. These aromas are complemented on the palate by the bright flavors of grapefruit, kiwi, passionfruit, and lemongrass, with the rich texture and long finish provided by the acacia barrels. This wine has earned the Certified California Sustainable seal.",12.99,"Wine, Beer & Liquor","['https://target.scene7.com/is/image/Target/GUEST_7297f261-dae3-43f6-9cb2-39018f7ae4c8 ', ' https://target.scene7.com/is/image/Target/GUEST_2c94bbba-816b-4bed-867d-d21aa6b3721f ', ' https://target.scene7.com/is/image/Target/GUEST_de375bac-e84d-4c0b-8d6a-8284ab7992a2 ', ' https://target.scene7.com/is/image/Target/GUEST_65241b5a-d917-4ca7-90fc-fe06000562ac ', ' https://target.scene7.com/is/image/Target/GUEST_de375bac-e84d-4c0b-8d6a-8284ab7992a2']",a0de6f77-38c4-5691-8739-eb69951369df,2022-06-12
5,Busch Non-Alcoholic Beer - 12pk/12 fl oz Cans,Busch,https://target.scene7.com/is/image/Target/GUEST_2f13521b-4525-4ec8-aefe-33907df0f75e,47136114,"Busch Non Alcoholic Beer lets you enjoy traditional rich Busch flavor without the alcohol. This beer features a smooth, full bodied, malty flavor. It is fully brewed with a blend of American hops, fine barley malt, cereal grains, and pure water. 12 pack.",9.99,"Wine, Beer & Liquor","['https://target.scene7.com/is/image/Target/GUEST_2f13521b-4525-4ec8-aefe-33907df0f75e ', ' https://target.scene7.com/is/image/Target/GUEST_91b74149-884e-4666-a81e-753d557f91f0 ', ' https://target.scene7.com/is/image/Target/GUEST_5072c2e9-0318-4eec-8823-cf9fc13f292a ', ' https://target.scene7.com/is/image/Target/GUEST_b27c7e2c-7d3f-4445-8407-02360b6fe94b ', ' https://target.scene7.com/is/image/Target/GUEST_e8d63e21-128f-47df-b820-79752ca664ec']",9bac3aba-e6f5-5878-a3e2-8e02a7fca270,2022-06-12
6,Natural Light Beer - 12pk/12 fl oz Cans,Natural Light,https://target.scene7.com/is/image/Target/GUEST_b66f1c18-9b1e-477b-9436-4b2233e4b410,13392449,"Natural Light delivers a satisfyingly refreshing beer for a satisfying value. It is a well blended and balanced American-style light lager. A longer brewing process produces a lighter body, fewer calories, and an easy-drinking character. 15 pack.",9.99,"Wine, Beer & Liquor","['https://target.scene7.com/is/image/Target/GUEST_b66f1c18-9b1e-477b-9436-4b2233e4b410 ', ' https://target.scene7.com/is/image/Target/GUEST_48677602-b920-45a9-860f-01c026eb4a1b ', ' https://target.scene7.com/is/image/Target/GUEST_85138839-7e68-4174-b830-6a3b0799c031']",6ceda153-3f88-5435-a8af-535d8a6b9d21,2022-06-12
7,Country Crock Calcium Vegetable Oil Spread Tub - 15oz,Country Crock,https://target.scene7.com/is/image/Target/GUEST_200ad2d7-68e1-4562-bece-bc219e359e89,13376150,"Bring authentic, country-fresh flavor to the table with Country Crock® Calcium Buttery Spread Tub - 15 oz. This buttery spread gives you the rich, creamy, and delicious flavor you love, along with 8% daily value of calcium per 1 tbsp serving. Slow-churned in Kansas and carefully crafted with farm-grown ingredients, you can always count on Country Crock to be free of any artificial flavors and preservatives. There's a reason Country Crock has been a trusted favorite at the center of family tables for generations! 

Ready to use right out of the fridge, Country Crock Calcium Buttery Spread can be spread on top of your favorite breads and pastries for a deliciously decadent buttery treat. Use it as a secret ingredient to add depth of flavor and richness to your cooking and baking favorites from appetizers to main dishes, desserts, and more. Country Crock Calcium is free of gluten, hydrogenated oils, dairy, and lactose, has 0g cholesterol and trans fat per 1 tbsp serving, and has 75% less saturated fat than a 1 tbsp serving of traditional dairy butter. 

Brought to you by Country Crock, a brand committed to welcoming everyone to the table. We treat everyone like family and every place like home. Our products are sustainably farmed and responsibly sourced. When you can spread, top, cook and bake just about anything with this buttery spread, the options are endless with Country Crock!",3.19,Dairy,"['https://target.scene7.com/is/image/Target/GUEST_200ad2d7-68e1-4562-bece-bc219e359e89 ', ' https://target.scene7.com/is/image/Target/GUEST_751cc1ca-e9c3-4f09-b990-f13591195e88 ', ' https://target.scene7.com/is/image/Target/GUEST_43adb582-94c9-4b6a-8338-5371fb4ec17e ', ' https://target.scene7.com/is/image/Target/GUEST_73aab09c-4c67-4bcc-a540-f74c7aec1fd8 ', ' https://target.scene7.com/is/image/Target/GUEST_0a8d9901-8fb9-4cde-b960-48f18abf096f ', ' https://target.scene7.com/is/image/Target/GUEST_43adb582-94c9-4b6a-8338-5371fb4ec17e']",613fc5f3-a377-57f9-997c-1f4e64e9a89a,2022-06-12
8,MadeGood Organic Gluten Free Chocolate Chip Cookies Soft Baked - 12ct Traypack,MadeGood,https://target.scene7.com/is/image/Target/GUEST_b55f5cd7-df55-426e-89c3-00b869a1880c,85871556,"When we set out to bake cookies we wanted them to be like homemade: soft, moist and tender. MadeGood® Soft Baked Cookies are everything you crave. They are just the right size, low in sugar, gluten-free, packed with a serving of vegetables, high in vitamin A, C, D, E and B6 so you can always treat yourself! With flavors that wow, these are cookies made with love! <br />",7.99,Snacks,"['https://target.scene7.com/is/image/Target/GUEST_b55f5cd7-df55-426e-89c3-00b869a1880c ', ' https://target.scene7.com/is/image/Target/GUEST_a21f3e08-97ad-4be1-a830-fbe32299c9cc ', ' https://target.scene7.com/is/image/Target/GUEST_9539c328-f489-42be-b94a-c31f13bde4fe']",aa2eea63-378a-5574-9899-8940f69ca520,2022-06-12
11,Lion Coffee Lion Gold Medium Roast Ground Coffee - 10oz,LION Coffee,https://target.scene7.com/is/image/Target/GUEST_41282053-add3-4bc7-a40c-46670c171932,47101064,"LION Gold Coffee is a classic medium-light roast coffee that makes a great breakfast coffee. This means that there is some real caffeine kick in this bag to get your day started! This LION Coffee brew is bright in the cup with a mellow taste and sweet, delicate, and slightly citrus finish.",7.39,Beverages,"['https://target.scene7.com/is/image/Target/GUEST_41282053-add3-4bc7-a40c-46670c171932 ', ' https://target.scene7.com/is/image/Target/GUEST_ac2e0661-0842-4f4f-b8d4-cfb922ba05ed ', ' https://target.scene7.com/is/image/Target/GUEST_d4891a77-535e-4143-9284-e80d4b22d1f7']",9af41a12-cd87-5f2f-b175-ff11d51b5f89,2022-06-12
12,Kendall-Jackson Avant Unoaked Chardonnay White Wine - 750ml Bottle,Kendall-Jackson,https://target.scene7.com/is/image/Target/GUEST_22ed0cf9-d3f5-43da-84cb-ba13775255dd,14767807,"Kendall-Jackson Avant Unoaked Chardonnay White Wine is primarily sourced from California's Monterey County, Santa Barbara County and Mendocino County. This Kendall-Jackson Chardonnay wine combines crisp green apple, citrus and tropical fruit notes for the perfect dry white wine that is a superb accompaniment for food. It also has flavors and aromas of pineapple, juicy pear and wildflowers.

This youthful and lively white wine Chardonnay is handcrafted to be expressive, fruit forward and vibrant. It is 100% stainless steel fermented with a Stelvin screw cap closure helps to preserve the aromatic freshness and youthfulness of the wine. Pair this white wine Chardonnay with sushi, halibut, fried calamari and fish tacos for an excellent meal.

Kendall-Jackson is committed to producing only the finest quality wines from Chardonnay grape varietals grown in California. One aspect that distinguishes a Kendall-Jackson wine is vineyard sourcing. The majority of fruit sourced for Kendall-Jackson wines is grown on the 12,000 acres of estate vineyards owned by the Jackson family. All of the estate vineyards are certified sustainable by the CCSW (Certified California Sustainable Winegrowing) and SIP (Sustainability in Practice) programs. The proprietary approach to winemaking has earned Kendall-Jackson a world-renowned reputation for white wines that consistently exhibit signature rich layers of flavor, combined with a delicate balance.

This bottled wine has a 13.5% ABV.",13.99,"Wine, Beer & Liquor","['https://target.scene7.com/is/image/Target/GUEST_22ed0cf9-d3f5-43da-84cb-ba13775255dd ', ' https://target.scene7.com/is/image/Target/GUEST_06fa9dc9-d2fa-4afe-90e2-7d99fa0f459c ', ' https://target.scene7.com/is/image/Target/GUEST_1d5f8b78-c3f3-4f7f-9155-114a1b30eba5 ', ' https://target.scene7.com/is/image/Target/GUEST_eecab4f3-4fab-4951-b10b-e370e25bd71e ', ' https://target.scene7.com/is/image/Target/GUEST_16dea9e8-f247-418c-948a-c9af64fc4f4e ', ' https://target.scene7.com/is/image/Target/GUEST_1d5f8b78-c3f3-4f7f-9155-114a1b30eba5']",b5df4bb4-1f3c-51cc-bf9b-29b7d0240acc,2022-06-12
13,Royal Kona 100% Kona Medium Roast Whole Bean Coffee - 7oz,Royal Kona,https://target.scene7.com/is/image/Target/GUEST_14d5715e-3216-41d5-84f7-648dde78077a,47101090,"Natural Kona coffee is extremely rare and makes our 100% Kona coffee exceptionally special. The intricate process to harvest and mill the coffee beans gives our premium Kona coffee the delicious taste and silky mouthfeel you know and love. As with all Royal Kona Coffees, this blend is gluten-free and does not contain nut allergens. Supply of natural Kona coffee is extremely limited, so try this while you can!",19.69,Beverages,"['https://target.scene7.com/is/image/Target/GUEST_14d5715e-3216-41d5-84f7-648dde78077a ', ' https://target.scene7.com/is/image/Target/GUEST_f337c75f-c50f-4779-a44d-efc8f4b8c0ea ', ' https://target.scene7.com/is/image/Target/GUEST_3064bafe-e85f-49c0-ab79-af1b6e8378ba']",d521c3f0-fae1-5dec-b5a4-8e24c9b9d251,2022-06-12
14,Oroweat Sourdough English Muffins - 13oz,Oroweat,https://target.scene7.com/is/image/Target/GUEST_0c4e7b50-f3ef-42a4-8d35-a6ec6f97f9e3,47092807,"Oroweat sour dough english muffins are soft, tangy, and delicious when toasted. Top with butter or your favorite spread, and savor that old world sourdough flavor.",3.39,Bakery & Bread,"['https://target.scene7.com/is/image/Target/GUEST_0c4e7b50-f3ef-42a4-8d35-a6ec6f97f9e3 ', ' https://target.scene7.com/is/image/Target/GUEST_c350211f-bb6b-4bc5-85ac-3fbfbf6113e5 ', ' https://target.scene7.com/is/image/Target/GUEST_d73fb427-ca9d-4823-a4c2-ecccd5f3eb93 ', ' https://target.scene7.com/is/image/Target/GUEST_9f02e79f-b0a7-4056-ab26-a8d71940b254']",67aa02fe-1dbf-5b7d-9ba3-71aa407b7a78,2022-06-12
15,Kashi Go Peanut Butter Crunch Cereal - 13.2oz,Kashi,https://target.scene7.com/is/image/Target/GUEST_326f2c2e-a4ae-4c5a-a4b7-ced13674bdd5,52993997,"Treat yourself to the delicious taste of multigrain clusters bursting with peanut buttery goodness in every bite of Kashi GO Peanut Butter Crunch breakfast cereal. Includes 1, 13.2-ounce box of breakfast cereal. Whether it’s starting the morning with a quick and easy breakfast or enjoying as a midday snack, Kashi GO breakfast cereal delivers big peanut butter flavor that’s sure to please. Both vegan and Non-GMO Project Verified, each wholesome serving provides 10g of protein and 6g of fiber; Kashi GO breakfast cereal is the perfect way to power your day. Enjoy with your favorite milk or pair with fruit or yogurt for a delicious breakfast. For a portable snack, pack reusable baggies of Kashi GO Peanut Butter Crunch into your purse, lunch box or gym bag. Kashi GO Peanut Butter Crunch cereal also makes a great after dinner treat by the handful or as a topping on your favorite ice cream. Anytime is the right time for Kashi GO Peanut Butter Crunch cereal. Kashi is making planet-positive choices to lower our company’s impact on climate change. We measure the amount of emissions from the manufacturing plants that create our foods and invest in renewable energy projects and programs in the US that remove the same amount of emissions from the air.",3.99,Breakfast & Cereal,"['https://target.scene7.com/is/image/Target/GUEST_326f2c2e-a4ae-4c5a-a4b7-ced13674bdd5 ', ' https://target.scene7.com/is/image/Target/GUEST_6961e233-0959-4a65-971a-4338f2aca7d4 ', ' https://target.scene7.com/is/image/Target/GUEST_07a15de3-9c8f-40c9-9cea-d746a71e01f1 ', ' https://target.scene7.com/is/image/Target/GUEST_31b45b2f-a12b-4dbc-934c-3c35240b2fbd ', ' https://target.scene7.com/is/image/Target/GUEST_6d29ba97-dc75-489c-972c-6f5e97c67a3b ', ' https://target.scene7.com/is/image/Target/GUEST_07a15de3-9c8f-40c9-9cea-d746a71e01f1']",e421c31f-6557-5a82-b941-9f6f96fa622f,2022-06-12
16,Cholula Chili Garlic Hot Sauce - 5oz,Cholula,https://target.scene7.com/is/image/Target/GUEST_5efa4c75-4e9d-4ad0-bbb5-d11bc6704130,12992100,"Calling all garlic fans, this Cholula Chili Garlic Hot Sauce is a must try. The robust goodness of garlic comes alive when paired with Cholula's arbol and piquin peppers and signature spices. It's a natural fit on pasta, soups and believe it or not - popcorn. Uncap Real Flavor with Cholula Chili Garlic. Imported from Mexico. Made in Mexico.",3.39,Pantry,"['https://target.scene7.com/is/image/Target/GUEST_5efa4c75-4e9d-4ad0-bbb5-d11bc6704130 ', ' https://target.scene7.com/is/image/Target/GUEST_f6f51415-45c0-4beb-931f-cf2abdf9206f ', ' https://target.scene7.com/is/image/Target/GUEST_bd271fea-f62a-4612-9b3b-a6f063eb11f0 ', ' https://target.scene7.com/is/image/Target/GUEST_490e2cf2-06aa-4254-a387-37d4d1b8b03a ', ' https://target.scene7.com/is/image/Target/GUEST_e08c6998-8fbb-449f-94b4-301736bb3f18 ', ' https://target.scene7.com/is/image/Target/GUEST_bd271fea-f62a-4612-9b3b-a6f063eb11f0']",83e0929f-141c-5766-bffe-7f3af2503f78,2022-06-12
17,Yellow Tail Chardonnay White Wine - 1.5L Bottle,yellow tail,https://target.scene7.com/is/image/Target/GUEST_025e12b8-711c-44bc-828a-1d8e6463ae75,13463194,"Made in South Eastern Australia, [ yellow tail ] Chardonnay is a white wine that brings the flavors and essence of the region to your glass, ensuring a smile with each sip. This chardonnay is everything a great wine should be with its easy to drink, rich taste and vibrant flavor profile. Featuring fresh flavors of peach and melon with a hint of vanilla, this white wine is full bodied and silky smooth. Enjoy this white wine with roast chicken or salad greens. Take an adventurous approach to this bottle of wine by adding chardonnay wine to a cinnamon pear cocktail, perfect for sharing with friends. [ yellow tail ] wine is wonderful for livening up casual dinners with loved ones and bringing a lighthearted spirit to any and every event and celebration. This [ yellow tail ] wine bottle is 1.5 L and has a 13% ABV. Great quality wine can be affordable and good fun too. We like our wines to be vibrant, flavorsome and approachable, making everyday moments even more enjoyable. A wine for any occasion, [ yellow tail ] is easy to choose, drink and enjoy.",11.99,"Wine, Beer & Liquor","['https://target.scene7.com/is/image/Target/GUEST_025e12b8-711c-44bc-828a-1d8e6463ae75 ', ' https://target.scene7.com/is/image/Target/GUEST_8c809c8f-193d-4cee-aaf6-0f505c8af539 ', ' https://target.scene7.com/is/image/Target/GUEST_395439d3-a8fc-481e-a37f-ede149ab6e4e ', ' https://target.scene7.com/is/image/Target/GUEST_02cc0f4d-771e-4e74-8966-94e4dd952bb8 ', ' https://target.scene7.com/is/image/Target/GUEST_395439d3-a8fc-481e-a37f-ede149ab6e4e']",3871117a-9ef6-5ae8-8aee-9f59adde310d,2022-06-12
18,Bogle Vineyards Phantom Red Blend Wine - 750ml Bottle,Bogle Vineyards,https://target.scene7.com/is/image/Target/GUEST_0f5e7f06-c862-4680-b133-596f2509d33d,47134208,"Intriguing, beguiling... This mysterious apparition of ripe berry and relentless spice returns to haunt wine lovers. Enveloped in shadow, this wine's intensity and concentration will entice you with every sip. Full-bodied and jammy, Phantom's origins of Petite Sirah and Zinfandel emerge from the glass. Spicy pepper and juniper tantalize your senses, while black plums and blueberries emerge on the palate. Notes of pipe tobacco and clove settle around the finish, long and lingering, like Delta fog.",15.99,"Wine, Beer & Liquor","['https://target.scene7.com/is/image/Target/GUEST_0f5e7f06-c862-4680-b133-596f2509d33d ', ' https://target.scene7.com/is/image/Target/GUEST_7da04d65-ecb5-44eb-b4eb-26b520e917c6 ', ' https://target.scene7.com/is/image/Target/GUEST_0d895196-3b03-4d5d-83af-57860e381040 ', ' https://target.scene7.com/is/image/Target/GUEST_fe7681d7-8891-44c3-a35c-f30e76c98057 ', ' https://target.scene7.com/is/image/Target/GUEST_2e7a43ff-1bf6-4349-a472-1236b989a1f1 ', ' https://target.scene7.com/is/image/Target/GUEST_0d895196-3b03-4d5d-83af-57860e381040']",0f35b8d2-3485-5119-bc0f-c2d7c5642a43,2022-06-12
19,Alkaline Water - 1.5L Bottle - Good & Gather™,Good & Gather,https://target.scene7.com/is/image/Target/GUEST_310d542b-f9ad-4d35-8940-6845c5ea13f8,54511777,"Alkaline Water from Good & Gather™ is a great way to stay hydrated and refreshed no matter what your day has in store. This bottle of  purified water with electrolytes for taste will keep you feeling refreshed and hydrated, and it has a pH 9.5+ balance, making it the perfect choice for rehydrating after a demanding workout, a vigorous game of flag football or just a day spent out in the sun. Throw a bottle in your backpack or keep one in your gym bag to stay refreshed and hydrated before, during and after your workout, or keep a couple bottles on hand for thirst-quenching goodness no matter what's on your schedule. <br /><br />Every product that carries the Good & Gather™ name starts with quality ingredients that deliver great taste, making it easier for you and your family to eat well, every day. We promise you'll love each bite, or your money back.",1.69,Beverages,"['https://target.scene7.com/is/image/Target/GUEST_310d542b-f9ad-4d35-8940-6845c5ea13f8 ', ' https://target.scene7.com/is/image/Target/GUEST_7b4c63bf-a77a-49be-8eef-4ff3fa50a385 ', ' https://target.scene7.com/is/image/Target/GUEST_6ce70fed-9361-434e-acbf-6864e030d50a ', ' https://target.scene7.com/is/image/Target/GUEST_6ce70fed-9361-434e-acbf-6864e030d50a']",4e0bda65-4e92-5033-9f62-320165d38ef7,2022-06-12
20,Bud Light & Clamato Beer - 4pk/16 fl oz Cans,Bud Light,https://target.scene7.com/is/image/Target/GUEST_89c28d6f-c432-472d-a243-5b495396a83a,47135921,"Bud Light Chelada Light Beer combines the refreshing taste of Bud Light with the richness of a Clamato tomato cocktail. It follows the traditional brewing process for Bud Light, then Clamato is carefully blended with the beer to create the proper balance of the crisp finish of Bud Light and the signature taste of Clamato. Bud Light Chelada has a 4.2% ABV. Enjoy Bud Light Chelada beer anytime the occasion calls for refreshing drinks. To best enjoy, gently rotate the chilled can once before pouring. Then pour over ice into a traditional goblet-style glass and garnish with a slice of lime. The spicy beer pairs perfectly with many dishes, and is great for backyard gatherings with friends, family and food. Grab a pack of the convenient beer cans anytime you're looking for alcohol drinks.",6.99,"Wine, Beer & Liquor","['https://target.scene7.com/is/image/Target/GUEST_89c28d6f-c432-472d-a243-5b495396a83a ', ' https://target.scene7.com/is/image/Target/GUEST_e8147a40-ff95-4b86-9a8b-0ae52365bb55 ', ' https://target.scene7.com/is/image/Target/GUEST_0ceff277-73e3-4b0a-9b60-fbf3e4d3dc9a']",bfc3a92d-76dc-5448-89ba-9ce0eb84d8c0,2022-06-12
21,Budweiser Lager Beer - 6pk/16 fl oz Cans,Budweiser,https://target.scene7.com/is/image/Target/GUEST_3fa718ca-ae8c-4a92-a29c-b78da7c41516,47136126,"Budweiser beer is a medium-bodied, American-style lager beer. Brewed with high quality barley malt, a blend of premium hop varieties, fresh rice and filtered water, this American beer is crisp and full of flavor. Budweiser beer has a 5% ABV. 6 pack.",6.99,"Wine, Beer & Liquor","['https://target.scene7.com/is/image/Target/GUEST_3fa718ca-ae8c-4a92-a29c-b78da7c41516 ', ' https://target.scene7.com/is/image/Target/GUEST_5e0470be-e43e-4f95-a62f-450b65310ed7 ', ' https://target.scene7.com/is/image/Target/GUEST_6e456f25-8af2-419f-9c23-24c76c5ebf05 ', ' https://target.scene7.com/is/image/Target/GUEST_5831d3ec-6fc1-45eb-b482-c3dbcf9849e8']",ea8e0273-afe0-5056-92d8-ba52f93253fa,2022-06-12
22,Ore-Ida Just Crack an Egg Omelet Rounds Three Meat Egg Bites - 4.6oz,Ore-Ida,https://target.scene7.com/is/image/Target/GUEST_49045abf-b654-46cc-b312-51cc3c476c38,82224090,"A protein-packed breakfast to add some spring to your step? Get outta here! Enjoy a hot, fluffy omelet in under two minutes with Just Crack an Egg Omelet Rounds. Made with cage free eggs*, our Just Crack an Egg Omelet Rounds Three Meat Egg Bites are filled with pork sausage, uncured bacon, uncured ham and cheddar cheese. Our Three Meat Omelet Rounds are packed with 18 grams of protein per serving. For a quick and easy breakfast at home or on the go, simply remove the film, microwave in the tray for 50 seconds and let cool before eating. Try eating our egg bites cold for a protein-packed breakfast or snack anytime. Each fluffy omelet bite has no artificial flavors, dyes or preservatives. Keep our egg bites refrigerated until you’re ready to eat. 

*Made with eggs from chickens never confined to cages",3.19,Deli,"['https://target.scene7.com/is/image/Target/GUEST_49045abf-b654-46cc-b312-51cc3c476c38 ', ' https://target.scene7.com/is/image/Target/GUEST_23b3ade3-c9ad-4bac-ae2b-6424151b6936 ', ' https://target.scene7.com/is/image/Target/GUEST_b59eb64d-b01b-485d-822d-6ce4ba3e6119 ', ' https://target.scene7.com/is/image/Target/GUEST_0809683d-d51f-418c-8191-ec12416c57cc ', ' https://target.scene7.com/is/image/Target/GUEST_68ac8ba6-c7a5-4233-8dfc-302f0f6632bd']",67164d8b-9017-5a44-859a-8409d9d5da47,2022-06-12
23,Devils Backbone Vienna Lager Beer - 15pk/12 fl oz Cans,Devils Backbone Brewing Company,https://target.scene7.com/is/image/Target/GUEST_3c91dd5b-194b-4199-9052-16b0a42937ec,54085099,"Devils Backbone Brewing Company Vienna Lager is a beer with mild, toasted and caramel notes. This smooth, medium bodied and semi sweet craft beer is not too heavy or bitter. It has an amber chestnut color, a smooth, malty finish and a 5.2% ABV. 15 pack.",17.99,"Wine, Beer & Liquor","['https://target.scene7.com/is/image/Target/GUEST_3c91dd5b-194b-4199-9052-16b0a42937ec ', ' https://target.scene7.com/is/image/Target/GUEST_8e1c556e-5ac8-4e20-9883-1f56af778cb6 ', ' https://target.scene7.com/is/image/Target/GUEST_6d4167df-5b85-4b27-90e4-8280a987c113 ', ' https://target.scene7.com/is/image/Target/GUEST_df258c37-9012-47e5-a876-cf68a4f6c848 ', ' https://target.scene7.com/is/image/Target/GUEST_222c990d-fc81-48bf-bc6b-005390b87f8b']",e3b6a34f-f049-5056-b9f6-9b8c583d4208,2022-06-12
24,Good Culture Organic Whole Milk Classic Cottage Cheese - 16oz,good culture,https://target.scene7.com/is/image/Target/GUEST_32bc7b04-72e3-4dcf-865f-026e48806abe,82026075,"At Good Culture, our mission is to make real healing foods available to all, without hurting animals or our planet.  Made from stuff you can pronounce, produced by people who love the planet and really, really like cottage cheese.  The little black dress of the dairy world. You can never go wrong with a classic! Creamy Organic Cottage Cheese from pasture-raised cows. Our recipe for delicious is simple; we use organic milk, organic cream, celtic sea salt, and live & active cultures. Nothing else. Got it? Good.",4.99,Dairy,"['https://target.scene7.com/is/image/Target/GUEST_32bc7b04-72e3-4dcf-865f-026e48806abe ', ' https://target.scene7.com/is/image/Target/GUEST_37439ddf-bfab-4a68-951e-be8f098faf7d ', ' https://target.scene7.com/is/image/Target/GUEST_2541d74e-5409-48df-8afe-2374dc300a83 ', ' https://target.scene7.com/is/image/Target/GUEST_64a8545a-c54a-4270-ba03-d58fb584d346 ', ' https://target.scene7.com/is/image/Target/GUEST_23f74633-73c7-4058-8da9-56133bd2f1d4 ', ' https://target.scene7.com/is/image/Target/GUEST_2541d74e-5409-48df-8afe-2374dc300a83']",6a0b1575-13eb-5d96-8736-60857178927e,2022-06-12
26,Shake 'N Bake Extra Crispy Seasoned Coating Mix - 5oz,Shake 'N Bake,https://target.scene7.com/is/image/Target/GUEST_77d5ce57-e2ad-4b94-90a7-96cde23118a0,12953792,"Kraft Shake 'N Bake Extra Crispy Seasoned Coating Mix adds a crispy crust to your chicken without the mess of frying for a quick home-style meal. This crispy coating is perfectly seasoned with savory flavors for a delicious, irresistible crunch. For simple prep, moisten the chicken, shake it in the coating and bake it until it's fully cooked. Use it with bone-in or boneless chicken to make crispy baked chicken, a crispy chicken sandwich or easy chicken nuggets. Each 5 ounce box contains two pouches of chicken coating, so you can enjoy more than one family dinner over oven baked crispy chicken. This extra-crispy chicken seasoning is all you need to take your home-style chicken from good to incredible.",3.59,Pantry,"['https://target.scene7.com/is/image/Target/GUEST_77d5ce57-e2ad-4b94-90a7-96cde23118a0 ', ' https://target.scene7.com/is/image/Target/GUEST_0d0197a0-4a27-44e5-a878-cb77e4aa3804 ', ' https://target.scene7.com/is/image/Target/GUEST_ebf6e1ba-7933-4744-ac0d-83123b9b6290 ', ' https://target.scene7.com/is/image/Target/GUEST_39390dee-8a52-4bb0-876c-6c2d91ab894b ', ' https://target.scene7.com/is/image/Target/GUEST_f49cca74-5964-4c80-bee2-9f1328a5b37a']",bb0192ef-0dad-529b-a3ef-004c6cc8c805,2022-06-12
27,Old El Paso Gluten Free Crunchy Taco Shells - 6.89/18ct,Old El Paso,https://target.scene7.com/is/image/Target/GUEST_c2ac0ccd-c8c7-4f2f-93dc-c246889ddf78,13043722,"Feed the taco frenzy with an 18-count package of Old El Paso Crunchy Taco Shells. Made with only three ingredients, these gluten-free hard taco shells add a satisfying crunch to taco night. Simply add your favorite meats, cheeses, beans and fresh toppings for tasty tacos that are easily customized to make the whole family happy. Tonight, we taco!

For more than 80 years, Old El Paso has been bringing families and communities together to celebrate old and new traditions around delicious, Mexican-inspired flavors. We believe that any night can be a taco night, and we’re here to help make it a little easier and a lot more delicious. Our variety of crispy hard taco shells, tasty soft tortillas, flavorful seasonings, and much more help make taco night fun.",2.69,Bakery & Bread,"['https://target.scene7.com/is/image/Target/GUEST_c2ac0ccd-c8c7-4f2f-93dc-c246889ddf78 ', ' https://target.scene7.com/is/image/Target/GUEST_8ee99bc6-a5a9-44f3-83b0-88bc53f9f9b4 ', ' https://target.scene7.com/is/image/Target/GUEST_db6b4a55-e2e4-4f7e-a782-86ee2a2356e2 ', ' https://target.scene7.com/is/image/Target/GUEST_1e4f9e7d-e26b-4dc0-b07c-6c20f9e125aa ', ' https://target.scene7.com/is/image/Target/GUEST_d06a94e9-78e5-463e-8c1b-575f5c56560e ', ' https://target.scene7.com/is/image/Target/GUEST_db6b4a55-e2e4-4f7e-a782-86ee2a2356e2']",18971e18-0544-558d-8cea-0f62d3a6e922,2022-06-12
28,Del Monte Fresh Cut Sliced Carrots 8.25oz,Del Monte,https://target.scene7.com/is/image/Target/GUEST_379e1c4d-5594-4113-8086-1291c9080e3d,12935365,"The Del Monte Canned Sliced Carrot, with their flavor, complement All of your favorite recipes and different types of dishes, salads, drinks, and desserts. These delicious slices are a tasty topping for yogurt, cereal, salads, and your favorite flavored gelatin for a fun and tasty treat. The fruit, immersed in a Naturally refreshing fruit juice, will elevate any dish you make to another level. They contain much-needed nutrition apart from vitamins A and C. They also contain calcium and iron, which are beneficial for your body and health. The peach slices are the perfect snack to be eaten on-the-go and with whatever you desire. When you trust Del Monte, you can be sure what you're buying is the peak of quality and nutrition! The Del Monte name has been synonymous with premium foods since its debut in 1886. For generations, our company has proudly earned its reputation with a series of innovations and a singular dedication to quality. Today that commitment to quality is deeply embedded in our culture.",0.99,Pantry,"['https://target.scene7.com/is/image/Target/GUEST_379e1c4d-5594-4113-8086-1291c9080e3d ', ' https://target.scene7.com/is/image/Target/GUEST_1dd82afa-bba2-472f-975b-c1d662452f02 ', ' https://target.scene7.com/is/image/Target/GUEST_41acaa10-eb05-41cb-a27c-329ad287c4a9 ', ' https://target.scene7.com/is/image/Target/GUEST_902b9ff9-4656-4d22-a851-4a9ea7678ce3 ', ' https://target.scene7.com/is/image/Target/GUEST_41acaa10-eb05-41cb-a27c-329ad287c4a9']",049bb360-0550-5309-8c02-5f59de06f9df,2022-06-12
29,Summit Extra Pale Ale Beer - 12pk/12 fl oz Bottles,Summit Brewing Co.,https://target.scene7.com/is/image/Target/GUEST_ddd24e65-b712-4fa4-a98f-5341ff2de8fd,47912959,"Summit Extra Pale Ale is not a beer brewed only for beer snobs. Just the opposite. It’s a beer for everyone to enjoy: construction workers, stock brokers, farmers, sales people, clerks, teachers, lawyers, doctors, even other brewers. Its light bronze color and distinctly hoppy flavor have made it a favorite in St. Paul, Minneapolis and the rest of the Upper Midwest ever since we first brewed it back in 1986.12oz 12Pk",15.99,"Wine, Beer & Liquor","['https://target.scene7.com/is/image/Target/GUEST_ddd24e65-b712-4fa4-a98f-5341ff2de8fd ', ' https://target.scene7.com/is/image/Target/GUEST_74ffeec1-29e7-4625-967a-61ae142e32ab ', ' https://target.scene7.com/is/image/Target/GUEST_06e66c44-7ed1-435e-b170-3fc082014d38']",aa0bf0fb-f10e-5df2-81ef-57a5c3cde8ca,2022-06-12
30,Oikos Triple Zero Variety Pack Greek Yogurt - 6ct/5.3oz Cups,DANNON,https://target.scene7.com/is/image/Target/GUEST_cfd38a75-37e9-4cb2-9a4d-a2ce63b08e89,80859172,"Oikos Triple Zero Greek Nonfat Yogurt gives you all the flavor you seek in a Greek yogurt--but with 0 added sugar*, 0 artificial sweeteners, and 0 fat, with 15 grams of protein per 5.3 oz cup. Full of delicious strawberry (or mixed berry) flavor, this Greek nonfat yogurt makes a delicious snack any time of day. It also fits into a healthy lifestyle, providing important nutrients such as calcium, protein, and vitamin D. And for your convenience, Oikos Triple Zero Greek Nonfat Yogurt comes packaged in single-serve cups, perfect for snacking on the go. <br /><br /> <br />*Not a low-calorie food.<br />Discover yogurt and dairy products that are made for you with Oikos. Want the creamy one with the fruit chunks? We got you. Need 0 sugar, 0 artificial sweeteners, and 0 fat? Try Oikos Triple Zero. Looking for extra protein? Oikos Pro has 20g per serving. With our wide selection of creamy yogurts, you’re bound to find an epic food experience that sparks pure joy. Dig into deliciousness with Oikos.",5.29,Dairy,"['https://target.scene7.com/is/image/Target/GUEST_cfd38a75-37e9-4cb2-9a4d-a2ce63b08e89 ', ' https://target.scene7.com/is/image/Target/GUEST_970a81bd-eed0-45eb-a424-1c6ed9502419 ', ' https://target.scene7.com/is/image/Target/GUEST_456b0b48-d01b-4fbb-b0f5-7c70f6045baf ', ' https://target.scene7.com/is/image/Target/GUEST_3c03f32a-2e7f-4b46-9e1d-7245a00d8ca2 ', ' https://target.scene7.com/is/image/Target/GUEST_19dbe207-b13d-4776-a184-e52b2263c3b8']",b021ef51-2db4-524d-8e02-14ffbf3af826,2022-06-12
31,Sixpoint The Crisp Pilsner Beer - 6pk/12 fl oz Cans,Sixpoint Brewery,https://target.scene7.com/is/image/Target/GUEST_a9ea9eef-f2c0-4531-8aec-eda1dc1c367d,52162197,"Tettnang and Hallertau Hops, 100% sourced directly from Germany, give THE CRISP that signature floral aroma. Cargill Pilsner Malt is the backbone, and helps make the finish snappy and clean.<br />Legit pilz has a hop aroma that leaps from the glass   THE CRISP blasts you with a huge floral aroma, but finishes crisp, clean, and refreshing.",9.99,"Wine, Beer & Liquor","['https://target.scene7.com/is/image/Target/GUEST_a9ea9eef-f2c0-4531-8aec-eda1dc1c367d ', ' https://target.scene7.com/is/image/Target/GUEST_b9c5bc80-1a29-47c6-8c55-2d16c67ff1ac ', ' https://target.scene7.com/is/image/Target/GUEST_eb18c008-8646-4353-99cf-f632159d425a']",8b0652c8-4157-55b9-af71-0798dbd606b7,2022-06-12
32,Josh Pinot Grigio White Wine - 750ml Bottle,Josh Cellars,https://target.scene7.com/is/image/Target/GUEST_b8a83d1b-e4fc-4633-93e9-4828c3975c14,52051006,"Our Pinot Gris, from the cool climate of Washington, is expressive and crisp with flavors of citrus and mango.   Pairs well with sauteed scallops, fettucine alfredo or roasted butternut squash.",12.99,"Wine, Beer & Liquor","['https://target.scene7.com/is/image/Target/GUEST_b8a83d1b-e4fc-4633-93e9-4828c3975c14 ', ' https://target.scene7.com/is/image/Target/GUEST_fb19a6aa-3d81-44d2-a0ff-09fdc63fff71 ', ' https://target.scene7.com/is/image/Target/GUEST_ed214fb6-b229-4e5b-b67c-cfc8a877bbb4 ', ' https://target.scene7.com/is/image/Target/GUEST_5354a1f3-5ea0-4eab-b6ad-02691779400b ', ' https://target.scene7.com/is/image/Target/GUEST_ed214fb6-b229-4e5b-b67c-cfc8a877bbb4']",e9336bb2-7ce1-5776-b985-a45aa1b39469,2022-06-12
33,"McCormick Gluten Free Pink Sea Salt, Black Pepper, Garlic All Purpose Seasoning - 6.5oz",McCormick,https://target.scene7.com/is/image/Target/GUEST_9fea0459-511e-4f8a-9e04-c5a9119a944c,54468917,"McCormick Himalayan Pink Salt with Black Pepper and Garlic All Purpose Seasoning is made for the meals you’re eating today. With its unique blend of garlicky meets citrusy and sweet, it’s got just the right flavors for beef, chicken, meatless dishes and more. A flavorful blend of Himalayan pink salt, black pepper, garlic and lemon peel, this convenient seasoning can be added to dishes without even measuring. Shake it on in the kitchen, at the table or on the grill! Use it in the morning on avocado toast or breakfast wraps straight through to dinner in stir-fries, grain bowls and meat(less) dishes to dial up flavor in a big modern way. This versatile seasoning is sure to be a favorite!",4.49,Pantry,"['https://target.scene7.com/is/image/Target/GUEST_9fea0459-511e-4f8a-9e04-c5a9119a944c ', ' https://target.scene7.com/is/image/Target/GUEST_658bdd61-fc00-4209-be9e-09e9c2df32b8 ', ' https://target.scene7.com/is/image/Target/GUEST_b45370a9-f1e8-4f88-9940-ace02322582f ', ' https://target.scene7.com/is/image/Target/GUEST_c2015543-f3fc-4516-b831-7c930562326d ', ' https://target.scene7.com/is/image/Target/GUEST_098d5318-f68b-4064-a94b-1351b01833c3 ', ' https://target.scene7.com/is/image/Target/GUEST_b45370a9-f1e8-4f88-9940-ace02322582f']",9bed0cd2-6cd6-5c14-a746-3c5bbc133787,2022-06-12
34,Annie's Organic Cinnamon Rolls with Icing - 17.5oz/5ct,Annie's,https://target.scene7.com/is/image/Target/GUEST_100b7f65-20e8-4334-b1ba-f3ab2a5c9137,51021939,"Sweeten up your morning with Annie’s Organic Cinnamon Rolls! Made with the goodness of Annie’s, our yummy cinnamon rolls are made with high-quality ingredients and no artificial flavors, hydrogenated oils or high-fructose corn syrup. Even sweeter, our ready-to-bake cinnamon rolls come with a side of old-fashioned icing for swirled-on deliciousness. Simply place flat on a cookie sheet and bake at 350 degrees for 18-20 minutes. Then, slather your cinnamon rolls in creamy icing and prepare to devour. Head over to the refrigerated dough aisle and grab a can of five organic cinnamon rolls!

Annie's makes products in over 20 family-friendly categories — from fruit-flavored snacks and cereal to mac & cheese. For busy bunnies and families on the go, we help make life a little easier and more delicious by sweetening-up packed lunches or by adding to a savory, yummy dinner. Annie’s is devoted to spreading goodness through nourishing, tasty foods and kindness to the planet.",5.59,Dairy,"['https://target.scene7.com/is/image/Target/GUEST_100b7f65-20e8-4334-b1ba-f3ab2a5c9137 ', ' https://target.scene7.com/is/image/Target/GUEST_5858c2c3-a43f-4c71-b462-3c9789777222 ', ' https://target.scene7.com/is/image/Target/GUEST_bb7313bc-ef01-4551-b724-f405ffbf22ec ', ' https://target.scene7.com/is/image/Target/GUEST_8c5a3b7a-777b-42d5-9495-1b98b32c7f0c ', ' https://target.scene7.com/is/image/Target/GUEST_7b71412d-ad43-47de-9c7c-39ea5bc0e7ab ', ' https://target.scene7.com/is/image/Target/GUEST_bb7313bc-ef01-4551-b724-f405ffbf22ec']",ea548645-f376-54bf-ba90-d98bd1eaad28,2022-06-12
35,Knorr Pasta Sides Fusili with Cheddar Broccoli - 4.3oz,Knorr,https://target.scene7.com/is/image/Target/GUEST_06be3fc7-bfa2-49c1-9fc8-0643ce5ffa4b,12935696,"Treat your taste buds to Knorr Pasta Side's Cheddar Broccoli Fusilli Pasta. Our pasta side dish expertly combines broccoli florets and fusilli pasta with a creamy, cheddar cheese sauce; your family is sure to love the flavor of our easy pasta dishes. On top of tasting delicious, our Cheddar Broccoli pasta is quick and easy to prepare. Knorr pasta side dishes cook in just 10 minutes on the stovetop or in the microwave, and they’re perfect as the base for a delicious main dish or as a standalone rice side dish. Make Knorr Pasta Sides the foundation of a crowd-pleasing dinner or an easy meal.<br /><br />Knorr Pasta Sides have no artificial flavors or preservatives, and no added MSG, except those naturally occurring glutamates. Use these easy pasta side dishes to create a mouthwatering main dish. Simply prepare Knorr Pasta Sides and add your favorite meat and vegetables to make a dinner your family is sure to love. You can find great recipes from Knorr, like our chef-inspired Chicken & Garden Vegetables.<br /> <br />Discover more quick and delicious dinner ideas at Knorr.com. Hundreds of recipes are available to help you find dinner inspiration. We at Knorr believe that good food matters, and everyday meals can be just as magical as special occasions. Our products owe their taste and flavors to the culinary skills and passion of our chefs, and we source high-quality ingredients to create delicious side dishes, bouillons, sauces, gravies, soups, and seasonings enjoyed by families everywhere.",1.39,Pantry,"['https://target.scene7.com/is/image/Target/GUEST_06be3fc7-bfa2-49c1-9fc8-0643ce5ffa4b ', ' https://target.scene7.com/is/image/Target/GUEST_2e20c1a4-5638-4d51-9c66-6f0ae13a4b06 ', ' https://target.scene7.com/is/image/Target/GUEST_c27fc8fc-0de1-4330-b1aa-b3d664ea5266 ', ' https://target.scene7.com/is/image/Target/GUEST_6485bac0-81cb-4922-bd8d-a634e73ab916 ', ' https://target.scene7.com/is/image/Target/GUEST_cef77fe1-9397-4500-bfb6-303b56bb6cfc ', ' https://target.scene7.com/is/image/Target/GUEST_c27fc8fc-0de1-4330-b1aa-b3d664ea5266']",78795ce7-79c4-507c-ba9a-7861751d62a7,2022-06-12
36,Shaved Parmesan Cheese Cup - 5oz - Good & Gather™,Good & Gather,https://target.scene7.com/is/image/Target/GUEST_abdc1f0b-b640-4f8f-a0aa-fa7f015997bb,54589394,"Put an elegant finishing touch on any dish while adding a hint of extra flavor with the Shaved Parmesan Cheese from Good & Gather™. Featuring the hard texture and subtle, nutty flavor you expect from high-quality Parmesan, this shaved cheese is aged for 10 months to achieve its distinctive flavor, and the five-ounce package is the ideal size for keeping on hand. Use it to add a perky finishing touch to your lasagna or to add a little extra flavor and flourish to dinner salads, or simply add it to a cheese board and serve with fruit, preserves and water crackers for a mouthwatering appetizer choice that's sure to please. <br /><br />Every product that carries the Good & Gather name starts with quality ingredients that deliver great taste, making it easier for you and your family to eat well, every day. We promise you'll love each bite, or your money back.",3.99,Deli,"['https://target.scene7.com/is/image/Target/GUEST_abdc1f0b-b640-4f8f-a0aa-fa7f015997bb ', ' https://target.scene7.com/is/image/Target/GUEST_6c15c839-df86-4d00-bdb3-4e0e5c7f02ff ', ' https://target.scene7.com/is/image/Target/GUEST_df6d15a3-4ebe-4634-b638-2e6fc3efc59a ', ' https://target.scene7.com/is/image/Target/GUEST_bb3d12e4-0846-46d0-ab04-d0793486fe62 ', ' https://target.scene7.com/is/image/Target/GUEST_df6d15a3-4ebe-4634-b638-2e6fc3efc59a']",4cd4b714-51db-528d-9cf6-0018aa57159c,2022-06-12
37,Idahoan Gluten Free Baby Reds Mashed Potatoes - 4oz,Idahoan,https://target.scene7.com/is/image/Target/GUEST_251ab437-9c2b-4317-8dea-3378683477cd,14773141,"Whip up delicious, rich mashed potatoes in minutes with Idahoan Baby Reds Mashed Potatoes! Our instant mashed potatoes are always made with 100-Percent Real Idaho potatoes. Perfect for a variety of wholesome recipes, Idahoan Baby Reds Mashed Potatoes are easy to prepare and ready in minutes. Simply heat water on stovetop or in a microwave, add the entire pouch of mashed potatoes, and voilà! Each order includes 1 (4.1oz) pouch with 4 (1/2 cup) servings. Our mission of innovation will continue to bring you quality 100-percent REAL Idaho potatoes in all the ways you love.  Whether it’s quality mashed potatoes, soups, casseroles or hash browns, in a pouch, bowl, cup or more, Idahoan Foods will continue to bring you Homemade Taste—Every Time",1.19,Pantry,"['https://target.scene7.com/is/image/Target/GUEST_251ab437-9c2b-4317-8dea-3378683477cd ', ' https://target.scene7.com/is/image/Target/GUEST_98adb85d-c7d9-47b0-94ec-ae0c9ea60145 ', ' https://target.scene7.com/is/image/Target/GUEST_c3ed1c03-904f-4257-90ae-fbd6822036c3']",3678cc68-3595-5053-b0ec-429490a695b1,2022-06-12
38,Absolut Lime & Cucumber Sparkling Vodka Soda - 4pk/355ml Cans,Absolut,https://target.scene7.com/is/image/Target/GUEST_eace27cd-9e10-468d-823c-5692c27f2d11,79341660,"A high quality – low calorie drink, ready to be enjoyed with just the flick of the wrist. Inspired by the iconic, go-to drink but with an added twist, our Absolut Vodka Sodas are your perfectly balanced premix made perfect for any occasion, free from any artificial ingredients and full of natural flavors. With Absolut Vodka and the taste of either Raspberry & Lemongrass, Lime & Cucumber or Grapefruit & Rosemary, the question is not whether you have found your favorite drink for the summer, but which one is your pick.",12.99,"Wine, Beer & Liquor","['https://target.scene7.com/is/image/Target/GUEST_eace27cd-9e10-468d-823c-5692c27f2d11 ', ' https://target.scene7.com/is/image/Target/GUEST_d344b9d0-ae55-4990-8917-29eb2148e38e ', ' https://target.scene7.com/is/image/Target/GUEST_3268e8a8-e82b-4a68-af58-5b6a52340321']",0b8209e3-a97b-560d-84b6-54b391682745,2022-06-12
39,Bota Box Sauvignon Blanc White Wine - 3L Box,Bota Box,https://target.scene7.com/is/image/Target/GUEST_feb81859-7663-4f76-8d60-375162cb2d49,80279643,"Bota Box wines are always ready for an adventure. Packaged using sustainable materials and a resealable spout that keeps light and air out, you can enjoy quality wines anywhere, anytime for up to 30 days after opening. So whether your plans include a weekend camping trip or a movie night in with your dog, the full-bodied flavor of Bota Box white wine pairs perfectly with all of life’s adventures.",18.99,"Wine, Beer & Liquor","['https://target.scene7.com/is/image/Target/GUEST_feb81859-7663-4f76-8d60-375162cb2d49 ', ' https://target.scene7.com/is/image/Target/GUEST_303a8c12-7531-47b1-bb7e-bd4b02d9abb2 ', ' https://target.scene7.com/is/image/Target/GUEST_eb20631c-deee-46df-a3ea-27afe873a7ab ', ' https://target.scene7.com/is/image/Target/GUEST_031b173c-c5a8-4094-878f-5d4ab5805a4b ', ' https://target.scene7.com/is/image/Target/GUEST_41c055b8-4ac4-4e30-a314-9268a1ff9985 ', ' https://target.scene7.com/is/image/Target/GUEST_eb20631c-deee-46df-a3ea-27afe873a7ab']",90ddf902-2fe7-5c08-b4bf-a6990449516b,2022-06-12
40,Tootsie Fruit Chews Standup Bag – 37oz,Tootsie,https://target.scene7.com/is/image/Target/GUEST_9cd539e1-ed8b-4268-9362-7a88e07e4c70,81643146,"Offering the same look and chew as the original Tootsie Roll in fruit-flavored varieties, Tootsie Fruit Chews are equally tasty candy treats. The individally wrapped, bite-sized treats are available in five great tasting flavors: Cherry, Lemon, Vanilla, Orange, and Lime. Pefect for parties, holidays, parades, or for keeping for yourself. Peanut free and Gluten free.",6.99,Candy,"['https://target.scene7.com/is/image/Target/GUEST_9cd539e1-ed8b-4268-9362-7a88e07e4c70 ', ' https://target.scene7.com/is/image/Target/GUEST_d4129f35-54d3-4b0b-9556-21ea01ed97f1 ', ' https://target.scene7.com/is/image/Target/GUEST_656a714d-0890-4baa-a55f-457dd637328a ', ' https://target.scene7.com/is/image/Target/GUEST_56840534-a214-49d9-984f-4592764bd5a8 ', ' https://target.scene7.com/is/image/Target/GUEST_e0ab53b0-7382-4005-af37-23c7690c2275']",e44fb6d4-4800-5b0d-99c2-0ecfe8e22f60,2022-06-12
41,The Original Donut Shop Regular Keurig K-Cup Coffee Pods - Medium Roast - 24ct,The Original Donut Shop,https://target.scene7.com/is/image/Target/GUEST_e575561f-cbf9-4453-836e-5dff7a955ef5,79582438,"Before coffee was complicated, great coffee was simply fresh, bold, and flavorful. The Original Donut Shop Regular single serve K-Cup pods bring back the classic donut companion, with this ideally balanced brew of the highest quality beans...dunking is encouraged. Full-flavored and easy going, this medium roast blend embodies one of the best things in life - simply great coffee. These single-serve K-Cup pods are compatible with all Keurig K-Cup Pod Single-Serve Coffee Makers and brew up to 12 oz. of The Original Donut Shop Regular coffee each. Each K-Cup pod is filled with the freshest ground coffee and brews a perfect, great tasting cup of coffee, every time. Certified Orthodox Union Kosher and contains no artificial ingredients. Introducing Recyclable* K-Cup Pods: Simple. Delicious. And now Recyclable. Enjoy the same great-tasting coffee you know and love, and when you’re done just peel, empty and recycle. *Check locally, not recycled in all communities. Packaging may vary.",14.99,Beverages,"['https://target.scene7.com/is/image/Target/GUEST_e575561f-cbf9-4453-836e-5dff7a955ef5 ', ' https://target.scene7.com/is/image/Target/GUEST_a88dd428-411d-4fec-9ce8-a0284ae33978 ', ' https://target.scene7.com/is/image/Target/GUEST_ff50e51c-c5a4-42d8-9cbc-5d04f09df779 ', ' https://target.scene7.com/is/image/Target/GUEST_08fb5c4a-bce7-46d5-b099-9bfea05e5d55 ', ' https://target.scene7.com/is/image/Target/GUEST_d9b627b8-4198-4e42-b8d5-5caddd3596cb ', ' https://target.scene7.com/is/image/Target/GUEST_ff50e51c-c5a4-42d8-9cbc-5d04f09df779']",cd1bc348-4a99-5f4b-8122-119ced4a2d17,2022-06-12
42,Tapatio Pollo Asado Marinade - 8oz,Tapatio,https://target.scene7.com/is/image/Target/GUEST_65556dfc-1f36-42e1-b209-b2083e1ad79e,82319200,"Preparing authentic Mexican favorite Pollo Asado has never been easier.  TAPATIO's convenient ready-to-use 8oz pouch provides enough marinade for about 2 pounds of chicken.  Use citrus flavored Pollo Asado marinade, made with authentic TAPATIO salsa picante as the star ingredient, for the most flavorful, mouth watering  chicken.  Make every day a fiesta.",2.59,Pantry,"['https://target.scene7.com/is/image/Target/GUEST_65556dfc-1f36-42e1-b209-b2083e1ad79e ', ' https://target.scene7.com/is/image/Target/GUEST_52143dff-5a3e-4a62-80ec-f72483dab4ff ', ' https://target.scene7.com/is/image/Target/GUEST_1e97b0c3-83a0-47eb-b2f7-cd49fb5a56ec ', ' https://target.scene7.com/is/image/Target/GUEST_146f5cc6-6569-49d8-9a76-df572484438e']",d7a2d44b-31a1-5e11-9ccf-c6a97b1c91d4,2022-06-12
43,La Banderita Carb Counter Keto Friendly White Tortilla Wraps - 11.9oz/8ct,La Banderita,https://target.scene7.com/is/image/Target/GUEST_603e2b66-4dca-4ab7-bdc6-63841ffe821d,79628828,"La Banderita Carb Counter Tortillas are a great choice for a healthier lifestyle. You get only 4g of net carbs, 5g of protein, and 11g of fiber per serving, with only 45 calories! And they are perfect for a Keto Diet! Our delicious Low Carb Tortillas have no added sugars and they are cholesterol free.<br /><br />Taste the tradition!<br /><br />Kosher Parve ═ Certified",3.59,Bakery & Bread,"['https://target.scene7.com/is/image/Target/GUEST_603e2b66-4dca-4ab7-bdc6-63841ffe821d ', ' https://target.scene7.com/is/image/Target/GUEST_29a64d81-f4ff-4258-9a55-07de383f7380 ', ' https://target.scene7.com/is/image/Target/GUEST_38b99ed7-b320-4f2d-97a8-c6a987796bf2 ', ' https://target.scene7.com/is/image/Target/GUEST_d4a12910-0393-4f4b-b7ad-6748e3b9b482']",e9943d88-72ab-5e86-a2bf-8d5970752f58,2022-06-12
46,Espolòn Tequila Blanco - 750ml Bottle,Espolon,https://target.scene7.com/is/image/Target/GUEST_8b32cb3b-8b14-4f39-8715-72231c9b8e7f,50662827,"Inspired by and a tribute to Mexican culture, Espolòn tequila is named for the spur of the iconic rooster, a historic symbol of strength nobility and national pride. Espolon was established in 1998 as a tequila for the people.  Unaged, Espolon Blanco is the purest expression of Espolòn tequila.",24.99,"Wine, Beer & Liquor","['https://target.scene7.com/is/image/Target/GUEST_8b32cb3b-8b14-4f39-8715-72231c9b8e7f ', ' https://target.scene7.com/is/image/Target/GUEST_ac163f74-4f47-46aa-9412-828d9ec23847 ', ' https://target.scene7.com/is/image/Target/GUEST_1fd67892-3510-443f-9ebe-8b3e30559372 ', ' https://target.scene7.com/is/image/Target/GUEST_b17cfa53-00a2-496c-a37f-6cd937aa185d']",3538bd11-b8d9-5de1-a090-70705bf6d88c,2022-06-12
47,Yogi Tea - Honey Chai Turmeric Vitality Tea - 16ct,Yogi,https://target.scene7.com/is/image/Target/GUEST_c8492955-97c4-4366-885f-fe084ca866ab,53520289,"Yogi Honey Chai Turmeric Vitality tea is an intriguing Chai tea blend that combines Turmeric, traditionally used in Ayurveda for its abundant health-promoting qualities, with naturally sweet Organic Honey Flavor and rich, warming spices including Cinnamon, Cardamom, Ginger, and Clove. Enjoy deliciously spicy-sweet Yogi Honey Chai Turmeric Vitality tea throughout the day to support your overall health and well-being.*<br /><br />BREWING SUGGESTIONS: To get the most out of every cup, bring water to boiling and steep 7 minutes. For a stronger tea, use 2 tea bags. Add your favorite sweetener and milk or milk substitute.<br /><br />FDA Statement: *These statements have not been evaluated by the FDA. This product is not intended to diagnose, treat, cure, or prevent any disease.<br /><br />Consult your healthcare provider prior to use if you are pregnant or nursing.<br />",4.29,Beverages,"['https://target.scene7.com/is/image/Target/GUEST_c8492955-97c4-4366-885f-fe084ca866ab ', ' https://target.scene7.com/is/image/Target/GUEST_225c2e09-c6e4-4cc7-8af0-6b58f4ec4ada ', ' https://target.scene7.com/is/image/Target/GUEST_501a7784-ff4d-46b8-805c-925b3d8098f3 ', ' https://target.scene7.com/is/image/Target/GUEST_a19ea2e5-2ce3-45e8-97ad-fa099273c4de ', ' https://target.scene7.com/is/image/Target/GUEST_631143b3-4fa4-4db2-bcf2-0b5235c084c4 ', ' https://target.scene7.com/is/image/Target/GUEST_501a7784-ff4d-46b8-805c-925b3d8098f3']",805226d6-a801-54df-bfa0-9631eacf3534,2022-06-12
48,Healthy Choice Café Steamers Frozen Chicken Margherita - 9.5oz,Healthy Choice,https://target.scene7.com/is/image/Target/GUEST_3b2887f0-c710-4ed7-bd9c-d75756d0ebc6,12935678,"Healthy Choice Café Steamers Chicken Margherita With Balsamic Frozen Meal satisfies your cravings with quality ingredients. Savor a quick and delicious microwaveable meal featuring true steaming technology anytime. This dish combines juicy white meat chicken, al dente angel hair pasta, roasted garlic and tomatoes tossed in a balsamic vinaigrette sauce for a meal that's as delicious as it is healthy. Made with no preservatives, this wholesome, microwave-ready meal delivers a bold experience any day of the week. Perfect for an on-the-go power lunch or a quick and delicious dinner at home after a long day, this single-serve meal contains 270 calories, 0 grams of trans fat and 17 grams of protein to keep you satisfied. Healthy Choice makes it easy to eat mindfully with bold, flavorful meals made with high-quality ingredients and contemporary recipes that are easy to prepare. Stock your freezer with a variety of Healthy Choice Café Steamers to keep healthy, wholesome meals on hand.",3.49,Frozen Foods,"['https://target.scene7.com/is/image/Target/GUEST_3b2887f0-c710-4ed7-bd9c-d75756d0ebc6 ', ' https://target.scene7.com/is/image/Target/GUEST_03363998-867a-4d3c-aea4-55eeae3ecacb ', ' https://target.scene7.com/is/image/Target/GUEST_a1cc16cc-555a-4555-a062-f1c005f5c6be']",ff0829bd-8d02-56d5-b32d-441881c13712,2022-06-12
49,Vita Coco Original Coconut Water - 4pk/500ml Cartons,Vita Coco,https://target.scene7.com/is/image/Target/GUEST_14b5e172-fb90-43d4-92b4-17355c4e7f8c,53186912,"Full of nutrients, electrolytes, and vitamins that give you a boost, which makes it great for a lot of situations, like when you're thirsty and, well... mostly when you're thirsty.",8.29,Beverages,"['https://target.scene7.com/is/image/Target/GUEST_14b5e172-fb90-43d4-92b4-17355c4e7f8c ', ' https://target.scene7.com/is/image/Target/GUEST_ff340648-ff46-4498-b9e3-b984b0a60ab6 ', ' https://target.scene7.com/is/image/Target/GUEST_4e2b75af-e38e-4169-bdff-a9404bc5e1ed']",b7b87b9c-f274-5ffa-8957-4de413efb8a8,2022-06-12
50,Grand Marnier Orange Liqueur - 750ml Bottle,Grand Marnier,https://target.scene7.com/is/image/Target/GUEST_5d5c14cd-d8db-4838-a7d6-6563461a40da,47137257,"Mix up a classic cocktail with Grand Marnier Cordon Rouge, Grand Marnier's signature expression. Created in 1880 by Louis-Alexandre Marnier Lapostolle, Grand Marnier offers a premium blend of cognacs with wild tropical oranges from the Caribbean. Grand Marnier Cordon Rouge balances the flavors of bitter orange with cognac notes of hazelnuts and toffee before reaching a long, harmonious finish. Enjoy this cognac and orange liqueur on the rocks, or mix into your favorite cocktails to elevate them from good to Grand. Use the cognac for a sophisticated twist on a Margarita, Old Fashioned or a Sidecar.  This award-winning orange liqueur is closed in the iconic, highly recognizable bottle with the wax seal. It is distinguished by the red ribbon, a symbol of its quality. The 750ml ml bottle of Grand Marnier Cordon Rouge liquor has a 40% alcohol by volume and should be enjoyed responsibly. Grand Marnier is the result of a time-honored tradition of master blenders that skillfully and carefully have passed their savoir faire onto one another since 1880. The result is an extraordinary alchemy of passion, audacity and tradition. Live Grand.",39.99,"Wine, Beer & Liquor","['https://target.scene7.com/is/image/Target/GUEST_5d5c14cd-d8db-4838-a7d6-6563461a40da ', ' https://target.scene7.com/is/image/Target/GUEST_2e23879a-88ef-4a7a-85c2-350a2077c3bc ', ' https://target.scene7.com/is/image/Target/GUEST_f2bd51a9-0299-4f71-9ac4-721e3527061e ', ' https://target.scene7.com/is/image/Target/GUEST_d580e3ca-4a66-4040-84e2-e59d0ff7ff4f ', ' https://target.scene7.com/is/image/Target/GUEST_a53c0fcd-0d88-48c6-a687-950b39c9187c']",9ea0b0e1-3a52-50e6-88a0-6cb33e746898,2022-06-12
51,Jelly Belly 49 Flavor Jelly Beans - 2lbs,Jelly Belly,https://target.scene7.com/is/image/Target/GUEST_d2d62483-66b4-4b81-b894-d3488c740c6f,12959332,"Jelly Belly makes more jelly bean flavors than anyone on the market today, and here are just a few of them - 49 to be exact! This plentiful assortment has the delicious flavors you love, and new favorites to discover. From most popular to nostalgic to unexpectedly delightful, this wide variety has something for everyone to enjoy. Snack, share, or pack into party favors. This generous bag is a great choice for so many occasions. <br /><br />True-to-life flavors in this assortment include: A&W cream soda, A&W root beer, Berry Blue, blueberry, bubble gum, buttered popcorn, cantaloupe, cappuccino, caramel corn, chocolate pudding, cinnamon, coconut, cotton candy, crushed pineapple, Dr Pepper, French vanilla, green apple, island punch, Juicy Pear, kiwi, lemon drop, lemon lime, Sunkist lemon, licorice, Sunkist lime, mango, margarita, mixed berry smoothie, orange sherbet, Sunkist orange, peach, Sunkist pink grapefruit, piña colada, plum, pomegranate, raspberry, red apple, Sizzling Cinnamon, strawberry cheesecake, Sunkist tangerine, toasted marshmallow, top banana, tutti-fruitti, Very Cherry, and watermelon.<br /><br />For generations, Jelly Belly fans have thoughtfully combined Jelly Belly jelly bean flavors to make new tastes. These Jelly Belly recipes are favorites among candy lovers with combinations like 2 A&W root beer + 1 A&W cream soda = root beer float, 2 blueberry + 1 buttered popcorn = blueberry muffin, and 2 green apple + 1 cinnamon = candy apple. Try your own combinations!<br /><br />Jelly Belly jelly beans are famous for their wide range of delicious and true-to-life flavors. With flavor packed into the center as well as the irresistible outer shell, each bite is an intense flavor adventure. The company got its start in 1898, and today makes more than 100 flavors of jelly beans worldwide. Jelly Belly jelly beans have millions of fans around the world with a flavor for everyone. Discover your new favorite flavor.<br /><br />",12.69,Candy,"['https://target.scene7.com/is/image/Target/GUEST_d2d62483-66b4-4b81-b894-d3488c740c6f ', ' https://target.scene7.com/is/image/Target/GUEST_358af9f2-cbf9-4ee8-9789-974a906d02f2 ', ' https://target.scene7.com/is/image/Target/GUEST_f9ba3d77-a42f-413b-b9e0-f2d847de5b8b ', ' https://target.scene7.com/is/image/Target/GUEST_55c6aea9-51e2-48da-b0f0-bec53a552b9c']",e5e29cd7-e1b8-55ce-a4d6-55d4572aa392,2022-06-12
52,Gatorade Cool Blue Sports Drink - 12pk/12 fl oz Bottles,Gatorade,https://target.scene7.com/is/image/Target/GUEST_2f923797-f4a3-454c-b69d-3e342d03dbbc,14756734,"The proven classic. With a legacy of over 50 years in the making, it's the most scientifically researched and game-tested way to replace electrolytes lost in sweat. Gatorade Thirst Quencher is specifically made to help keep you hydrated, which is why it's trusted by some of the world's best athletes.",6.69,Beverages,"['https://target.scene7.com/is/image/Target/GUEST_2f923797-f4a3-454c-b69d-3e342d03dbbc ', ' https://target.scene7.com/is/image/Target/GUEST_8c599bbe-b917-49b2-98f5-39a7a0208844 ', ' https://target.scene7.com/is/image/Target/5b743a360f13460001d5f02e ', ' https://target.scene7.com/is/image/Target/GUEST_a4bca240-6c4c-4cc4-8aa6-0187f3937cd4 ', ' https://target.scene7.com/is/image/Target/GUEST_691cebf9-4750-435c-ac79-b7c581dbc2ee ', ' https://target.scene7.com/is/image/Target/5b743a360f13460001d5f02e']",71d54a85-509b-5227-b6fc-af231e13637a,2022-06-12
53,Smucker's Simply Apricot Spread - 10oz,Smucker's,https://target.scene7.com/is/image/Target/GUEST_fc6cefaf-f9d3-4cf9-a81b-211a09110e02,13275915,"This delicious spread captures the essence of the apricot: nectarous, with a touch of tartness. Our Simply Fruit Apricot Speadable Fruit pairs well with Swiss cheese and is perfect for sweetening rice and couscous dishes. Sweetened with ingredients made from real fruit. With a name like Smucker's, it has to be good!",3.49,Pantry,"['https://target.scene7.com/is/image/Target/GUEST_fc6cefaf-f9d3-4cf9-a81b-211a09110e02 ', ' https://target.scene7.com/is/image/Target/GUEST_ac6360d6-38fe-412e-870d-22ba70722948 ', ' https://target.scene7.com/is/image/Target/GUEST_10d85183-0a45-4245-8b99-c94f0db06b43 ', ' https://target.scene7.com/is/image/Target/GUEST_5c8aa602-47c4-46ef-b5b4-98f3eeb3fba6 ', ' https://target.scene7.com/is/image/Target/GUEST_10d85183-0a45-4245-8b99-c94f0db06b43']",e4b97a8b-8b37-5c6a-a2dd-332202cb9d3e,2022-06-12
54,Bob's Red Mill Hemp Seed - 8oz,Bob's Red Mill,https://target.scene7.com/is/image/Target/GUEST_2ef84f39-77ec-410a-ad69-2477ab149f9a,15346430,"Bob's Red Mill Hulled Hemp Seed Hearts are beautiful little seeds with a serious nutritional bang. These raw seeds hold 10g of plant-based, vegetarian protein in each serving, plus omega-3 and omega-6 fatty acids, and a wealth of other minerals. These seeds are mild in flavor and can be almost inconspicuously added to just about any dish - salads, smoothies, pastas, yogurts, cereals, and even ice cream! They are also a great addition to baked goods such as breads and cookies or in dips, dressings, and sauces.",12.19,Snacks,"['https://target.scene7.com/is/image/Target/GUEST_2ef84f39-77ec-410a-ad69-2477ab149f9a ', ' https://target.scene7.com/is/image/Target/GUEST_e45e89a7-f12b-476a-ac08-83c80a04203a ', ' https://target.scene7.com/is/image/Target/GUEST_7eb292d0-3043-48c8-8c89-a2e440f8965f ', ' https://target.scene7.com/is/image/Target/GUEST_b9ec28a0-4270-456e-a08f-4451929fda3c ', ' https://target.scene7.com/is/image/Target/GUEST_47252820-fc94-4020-a2a1-b131df8b67aa ', ' https://target.scene7.com/is/image/Target/GUEST_7eb292d0-3043-48c8-8c89-a2e440f8965f ', ' https://target.scene7.com/is/image/Target/GUEST_47252820-fc94-4020-a2a1-b131df8b67aa']",326fda32-99a9-5667-9db9-f5c228b74345,2022-06-12
55,Tazo Classic Chai Latte Black Tea Coffee Pods – 12ct,Tazo,https://target.scene7.com/is/image/Target/GUEST_4d580844-79e9-4abc-b8a2-a7546fccab4b,79756716,"TAZO Classic Chai Latte Black Tea K-cups is a blend of black tea, cinnamon, cardamom, black pepper & spices with sweetened dairy packets included to make the perfect latte. Made with pure black tea, the spiced chai tea contains less caffeine than coffee. Each pack contains 12 individual k-cups of chai tea for your convenience. Quick and easy to make; enjoy a cafe-style latte right in your home. Then relax, and enjoy the aromatic blend hot or iced. At TAZO, we're on a quest to be the world's most unexpected tea makers. We explore unexpected blends. We tell unexpected stories to go with them. Witty, entertaining, unconventional stories of TAZO drinkers: People seeking to brew the unexpected in every aspect of their lives. We're always curious, always seeking, always questioning. What's this? What's that? We love to get right in there and mix it up. We're half curious kid, half intrepid explorer, half undaunted alchemist. Yes - one and a half. It's the unpredictable, the unforeseen that drives us. They drive us away from our safe comfort zone in a commandeered golf cart or on the first flight we could find to who knows where or to the last stop of the subway, whichever gets us to points unexplored. That spirit? We bring it to tea. We do it through vibrant, unexpected blends with a twist that unlock the undiscovered flavors the world has stashed away.",14.99,Beverages,"['https://target.scene7.com/is/image/Target/GUEST_4d580844-79e9-4abc-b8a2-a7546fccab4b ', ' https://target.scene7.com/is/image/Target/GUEST_c9e4fb95-7563-4504-85a1-5df63bb705b7 ', ' https://target.scene7.com/is/image/Target/GUEST_2b341663-0715-4e67-8e4a-043ecd33e366 ', ' https://target.scene7.com/is/image/Target/GUEST_b4308d59-181c-48d8-aea4-cadef9256a2c ', ' https://target.scene7.com/is/image/Target/GUEST_2b341663-0715-4e67-8e4a-043ecd33e366']",300b2ab9-0bea-5872-ae43-82a3ad3cd90b,2022-06-12
56,Justin's Milk Chocolate Peanut Butter Cups - 4.7oz,Justin's,https://target.scene7.com/is/image/Target/GUEST_ffe41147-fe1f-4a18-9ac7-437bc14bd756,21549972,"Pour Justin's Milk Chocolate Peanut Butter Cups into your favorite candy dish for a mini treat for everyone who stops by for a visit. They are individually wrapped, so they are the perfectly shareable snack. Or you can keep them to yourself for a quick little pick-me-up throughout your busy day.",5.99,Candy,"['https://target.scene7.com/is/image/Target/GUEST_ffe41147-fe1f-4a18-9ac7-437bc14bd756 ', ' https://target.scene7.com/is/image/Target/GUEST_03dd4308-3116-4c9f-b7b1-5d95a4fc9e95 ', ' https://target.scene7.com/is/image/Target/GUEST_3ac104da-2cdc-4a37-87dd-da02dd41dba2 ', ' https://target.scene7.com/is/image/Target/GUEST_98f0b9a7-109a-4c90-bc83-43cf01400a7b ', ' https://target.scene7.com/is/image/Target/GUEST_31e751ab-a200-4fdb-85e3-af58faede724 ', ' https://target.scene7.com/is/image/Target/GUEST_3ac104da-2cdc-4a37-87dd-da02dd41dba2']",6c3b96f8-ce46-543a-8f6d-39a71399478f,2022-06-12
57,Twizzlers Strawberry Flavored Twists - 16oz,Twizzlers,https://target.scene7.com/is/image/Target/GUEST_dbbf0fff-3d70-4040-9707-70795a45b487,50434698,"There ain't no party like a TWIZZLERS candy party! Seriously though, TWIZZLERS Twists strawberry-flavored chewy candies are too fun not to enjoy at every movie marathon, birthday party and tailgate. With a bag of strawberry-flavored chewy candies ready for action, you'll never find yourself without a delicious shareable snack. Bite both ends of a TWIZZLERS Twists candy off to create a straw, then dip your straw into a cold glass of milk, a steaming hot chocolate or a frothy milkshake. If you're more into eating a couple of these chewy treats on their own, you'll be ready to go the second you open the bag. Keep your pantry stocked with kosher-certified, low-fat TWIZZLERS Twists candies, store some in your work desk, take a bag on a road trip and bring a pack to your next party gathering. Looking for an even greater adventure? For a unique twist, melt several white or milk chocolate bars. Dip your TWIZZLERS candies in the melted gooiness, then cover each piece in sprinkles and let the new treats cool!",2.69,Candy,"['https://target.scene7.com/is/image/Target/GUEST_dbbf0fff-3d70-4040-9707-70795a45b487 ', ' https://target.scene7.com/is/image/Target/GUEST_3b804007-9a40-499e-8348-13aab5fe1574 ', ' https://target.scene7.com/is/image/Target/5acd14a32bffac0001201cfd ', ' https://target.scene7.com/is/image/Target/GUEST_d1b27640-56c0-4fdc-8fa0-e7995fe25fa7 ', ' https://target.scene7.com/is/image/Target/GUEST_83e0b795-6072-4ffd-9d78-df68e8580175 ', ' https://target.scene7.com/is/image/Target/5acd14a32bffac0001201cfd']",e6b97311-39f1-55c7-9a53-2a91c932002c,2022-06-12
58,Chicago French Press Black Tuxe Medium Roast Coffee - 8oz,Chicago French Press,https://target.scene7.com/is/image/Target/GUEST_7be27de7-cf4b-41b7-b2b0-62e6a3de1117,83223759,"Chicago French Press Black Tuxe is a premium, organic Ethiopia Yirgacheffe 100% arabica coffee sourced from the Gambela region of Ethiopia that is hand-picked, naturally processed, sun-dried and cultivated to the highest industry standards. Freshly roasted in Chicago, it brews a refined, exotic cup with fruity nuances and chocolatey undertones.",12.99,Beverages,"['https://target.scene7.com/is/image/Target/GUEST_7be27de7-cf4b-41b7-b2b0-62e6a3de1117 ', ' https://target.scene7.com/is/image/Target/GUEST_11ea70ff-5f15-4db8-979d-3c724a5c5e41 ', ' https://target.scene7.com/is/image/Target/GUEST_2fea4868-892a-4260-97d9-ec1b02cd022a']",94308079-b985-5445-be67-5fead4a68ec3,2022-06-12
59,Kisses Milk Chocolate Candy - 17.9oz,HERSHEY'S,https://target.scene7.com/is/image/Target/GUEST_c7a35f31-9a80-4a74-86d8-2c29e27da2cd,54252388,"Need to make sure the whole family is happy with the snack selection? Looking to give your employees a midday treat they actually enjoy? Whatever the case, HERSHEY'S KISSES candies have you covered. These milk chocolate classics make the perfect creamy treat throughout the day. Try some in a new dessert recipe or on top of your favorite cookie and cake treats for an extra bite of bliss your loved ones won't want to miss. Sprinkle a few over your homemade ice cream sundaes, or place them in party favors to delight guests with stunning foil wrappers and even more stunning flavor. These treats are perfect as stocking stuffers at Christmas, party favor filling during Valentine's Day, trick-or-treat candy at Halloween and basket sweets on Easter. Just don't forget to hang onto a few bite-size milk chocolates to include in your movie night snack selection and on-the-go trips. Try them chilled, on top of baked desserts and, of course, straight from the wrapper — any choice is a route straight to delicious!",5.99,Candy,"['https://target.scene7.com/is/image/Target/GUEST_c7a35f31-9a80-4a74-86d8-2c29e27da2cd ', ' https://target.scene7.com/is/image/Target/GUEST_3e423586-0272-41fb-b4ce-1eb0f360aee4 ', ' https://target.scene7.com/is/image/Target/GUEST_4e2804c0-935f-4c12-8ca2-54d117d12f21 ', ' https://target.scene7.com/is/image/Target/GUEST_1e127e77-57d8-4105-b64a-c915590aa9f7 ', ' https://target.scene7.com/is/image/Target/GUEST_852a0e66-6e52-4ee8-a759-f6e18dc60a24 ', ' https://target.scene7.com/is/image/Target/GUEST_4e2804c0-935f-4c12-8ca2-54d117d12f21']",ac871715-6c86-57fa-824b-fb19370b53f4,2022-06-12
61,Goldfish Special Edition Mickey Mouse Cheddar Crackers - 30oz,Goldfish,https://target.scene7.com/is/image/Target/GUEST_45a160d9-7623-4c06-a716-d8bcd3bc6b57,78648485,"A special edition twist on the irresistible little snack that always delights! Just imagine munching on Goldfish snack crackers featuring Disney’s Mickey Mouse. Shaped like your favorite cartoon friend, they’re baked with 100% real Cheddar cheese and made with colors sourced from plants. Talk about a feel-good snack! These Mickey Mouse-inspired munchables are as fun as it gets. And they make the perfect anytime snack – after school, on the weekends or whenever you just spend time together. Snack time with friends is always sure to end up in smiles all around. Plus, they’re every bit as good at lunch as they are for a crunchable, munchable snack. Add them to soups, sprinkle them on salads or just simply munch on them as a fun side with your sandwich. Expect everyone to come back for more. Go for the handful!",7.99,Snacks,"['https://target.scene7.com/is/image/Target/GUEST_45a160d9-7623-4c06-a716-d8bcd3bc6b57 ', ' https://target.scene7.com/is/image/Target/GUEST_a5524ff5-ca39-4e9e-b205-27b546f956c6 ', ' https://target.scene7.com/is/image/Target/GUEST_0b3ef46a-ba04-46df-8465-ae6438266741 ', ' https://target.scene7.com/is/image/Target/GUEST_23c6a41f-e08d-4809-ad9c-63b4ded84203 ', ' https://target.scene7.com/is/image/Target/GUEST_b3efc96b-3874-44be-82da-6828f50aca42']",fd4ab7fc-7fe1-51ca-8739-278d9424d451,2022-06-12
63,Annie's White Cheddar Macaroni & Cheese Microwavable Cupes - 16.08oz/8pk,Annie's,https://target.scene7.com/is/image/Target/GUEST_4ebd3938-a795-449d-a9b7-4c49ac2b5d64,82320785,"Your favorite comfort food comes perfectly packaged in an easy microwave meal with Annie's White Cheddar Macaroni and Cheese Cup. Simply add water, microwave and enjoy a cup of creamy mac and cheese without the extra time or dishes. Plus, this organic pasta and real cheese deliciousness is made with just the good stuff: no artificial flavors, synthetic colors or preservatives here. Pack this for an easy lunch or grab one for an afternoon snack.",11.49,Pantry,"['https://target.scene7.com/is/image/Target/GUEST_4ebd3938-a795-449d-a9b7-4c49ac2b5d64 ', ' https://target.scene7.com/is/image/Target/GUEST_c1daf4ef-1fd1-4ebb-9c8b-9a795a390fbb ', ' https://target.scene7.com/is/image/Target/GUEST_cbd20ae4-c8bc-4a96-831f-d8ed8e3a945a ', ' https://target.scene7.com/is/image/Target/GUEST_f1ded2c2-5e05-4389-8824-58bc07c02b1c']",de18f62b-7486-5d14-a551-9837ad7be847,2022-06-12
64,Blue Diamond Almonds Whole Natural - 12oz,Blue Diamond Almonds,https://target.scene7.com/is/image/Target/GUEST_ac72143a-4d63-4e9a-a9d3-1f498d25f914,12920863,Whole Natural Blue Diamond almonds are the best way to appreciate the flavor of the almond. It's also a good way to get a handful of almonds' benefits every day.,6.99,Snacks,"['https://target.scene7.com/is/image/Target/GUEST_ac72143a-4d63-4e9a-a9d3-1f498d25f914 ', ' https://target.scene7.com/is/image/Target/GUEST_d9312086-2854-4c3d-9d60-dc228bed0728 ', ' https://target.scene7.com/is/image/Target/GUEST_75eb5f43-495f-4584-bffc-fdc8e60f5fb1']",bfa73c40-2b46-5810-b641-3e632afbd2d9,2022-06-12
65,V8 Splash Mango Peach Juice - 64 fl oz Bottle,V8 Juice,https://target.scene7.com/is/image/Target/GUEST_74267472-4165-42f0-a03e-fc4e6c844a16,15041848,"V8 Splash Mango Peach Flavored Beverage is a refreshing thirst-quencher for the whole family. Made with 5% carrot juice concentrate along with other natural flavors, this V8 juice features notes of mango and peach for delicious kids drinks. Gluten free V8 Splash contains antioxidants vitamin C and B vitamins, and it has 25% less sugar than leading brands of juice drinks (1). Serve this mango peach juice beverage anytime you need a refreshing drink. V8 Splash juice drinks taste best when chilled before serving.


(1) PER 8 FL OZ: LEADING SHELF STABLE BRANDS, 17G; SPLASH 10G",2.39,Beverages,"['https://target.scene7.com/is/image/Target/GUEST_74267472-4165-42f0-a03e-fc4e6c844a16 ', ' https://target.scene7.com/is/image/Target/GUEST_91cecf7b-b0c4-447a-b3c1-dfa8a57526a1 ', ' https://target.scene7.com/is/image/Target/GUEST_72ddfa64-9272-42c0-bf7d-db2701f5b0f8 ', ' https://target.scene7.com/is/image/Target/GUEST_d34f202b-e192-432b-a604-e35653454409 ', ' https://target.scene7.com/is/image/Target/GUEST_dc525614-5f77-43e6-be05-e6a7ffc8b897']",8f4b4f12-e45d-559b-aae5-129d58608472,2022-06-12
66,Ben & Jerry's Ice Glampfire Trail Mix Frozen Dessert - 16oz,Ben & Jerry's,https://target.scene7.com/is/image/Target/GUEST_d55257d8-01bf-4411-a409-37d6a3d9ff44,53165343,"Ben & Jerry's Chocolate Ice Cream with Crunchy Pretzel Swirls, Marshmallow Swirls & Fudge Covered Almonds. Inspired by glampfire tales of outdoorsy getaways filled with indoorsy perks, our trail mix is uber chocolatey, nutty, marshmallowed & pretzeled, so you can get lost in this ice cream dessert without leaving the yurt.<br />The pleasures of camping are numerous: twinkling stars overhead. Glorious vistas. Fresh air. A chance to reconnect with nature. Wildlife sightings Thoreau, Emerson, and Audubon all waxed poetic about the joys of the outdoor world, but here’s one thing that never came up in their verse: the food. It’s a funny little trick of nature that the farther you get out in the middle of it, the more proficient you’d better be at hunting, gathering, harvesting, and campfire cooking.<br />But then we realized that we’re actually pretty darned good at hunting down deliciously chocolatey ice cream, gathering crunchy and gooey swirls to fill it, and stalking the perfect herd of fudge covered almonds to make a wildly delicious concoction. So go ahead: go for that camping trip Or simply crack a pint of Glampfire Trail Mix, grab a spoon and kick your feet up no campfire required though we do think it tastes even better under the stars<br />We get all starry eyed over our ingredients, which is why we use Fairtrade certified cocoa, sugar, and vanilla in this pint, as well as cage free eggs, Non GMO ingredients and milk from our Caring Dairy Program. And because we love nature too, we also wrap it up in responsibly sourced packaging for a treat that you and the earth can love",4.79,Frozen Foods,"['https://target.scene7.com/is/image/Target/GUEST_d55257d8-01bf-4411-a409-37d6a3d9ff44 ', ' https://target.scene7.com/is/image/Target/GUEST_d845b834-16e1-4b7b-8d6c-e3ab8d953ee5 ', ' https://target.scene7.com/is/image/Target/GUEST_42a6dd71-ab16-43be-b12f-a2d071e93153 ', ' https://target.scene7.com/is/image/Target/GUEST_f799236f-ae4f-4856-bf7b-a63597debc4b ', ' https://target.scene7.com/is/image/Target/GUEST_a3c84760-b3f4-46d9-add0-7ca51f7a439f ', ' https://target.scene7.com/is/image/Target/GUEST_42a6dd71-ab16-43be-b12f-a2d071e93153']",7ed9d025-97a1-5d64-b1b7-75f9fb18e0c7,2022-06-12
67,Codigo 1530 Rosa Blanco Tequila - 750ml Bottle,Codigo 1530,https://target.scene7.com/is/image/Target/GUEST_a9c57566-9e00-47a6-a9c1-23649b5d4048,52493111,"Rosa begins with the purity of Blanco, then is rested for one month in a Napa Valley Cabernet French Oak barrel. It is rested just long enough for the wine barrels to enrich the natural agave flavor but maintain the elegant floral notes.",64.99,"Wine, Beer & Liquor","['https://target.scene7.com/is/image/Target/GUEST_a9c57566-9e00-47a6-a9c1-23649b5d4048 ', ' https://target.scene7.com/is/image/Target/GUEST_51644159-2229-491b-a2ea-7d639acf3796 ', ' https://target.scene7.com/is/image/Target/GUEST_21dd4413-6b1c-409c-8a3c-4bec1c445afb ', ' https://target.scene7.com/is/image/Target/GUEST_a2f2a89f-a5bd-4955-8be9-3bb132f357f2 ', ' https://target.scene7.com/is/image/Target/GUEST_21dd4413-6b1c-409c-8a3c-4bec1c445afb']",80995909-2f9f-5886-a31b-07e1d8bb1966,2022-06-12
69,"Ritz Toasted Chips, Cheddar - 8.1oz",RITZ,https://target.scene7.com/is/image/Target/GUEST_745c2e06-3709-4f46-8cf8-59a987f90de2,47080353,"RITZ Cheddar Toasted Chips are a crispy, crunchy twist on the classic cracker you know and love. These oven baked chips are toasted, not fried, so they contain 40 percent less fat than the leading regular fried potato chips. Pack these snack chips in lunchboxes for a crunchy companion to sandwiches, or add them to your snack food shelf as a tasty after school treat. Serve these reduced fat chips alongside other salted chips, by themselves or with your favorite dips. Each 8.1 ounce bag of RITZ Cheddar Toasted Chips is sealed to lock in freshness and great taste.",3.59,Snacks,"['https://target.scene7.com/is/image/Target/GUEST_745c2e06-3709-4f46-8cf8-59a987f90de2 ', ' https://target.scene7.com/is/image/Target/GUEST_9edd2141-35c8-40eb-88b5-03aba48693a5 ', ' https://target.scene7.com/is/image/Target/GUEST_7e81da43-0d26-4334-897d-9e380ea5df23 ', ' https://target.scene7.com/is/image/Target/GUEST_bf2e15f2-c035-463d-a267-6fd923074b00 ', ' https://target.scene7.com/is/image/Target/GUEST_ee1efb55-05da-4bac-b384-c84193c5a117 ', ' https://target.scene7.com/is/image/Target/GUEST_7e81da43-0d26-4334-897d-9e380ea5df23']",e55945c6-bc10-5663-b4fd-dec7f741444d,2022-06-12
70,Annie's Organic Cheddar Snack Mix - 9oz,Annie's,https://target.scene7.com/is/image/Target/GUEST_fd19fabc-a56f-4ffc-884f-78adb2bd7f45,52089407,"Annie's Organic Cheddar Snack Mix is hopping with flavor! This kid snack has a crunchy, cheesy combination of pretzels and crackers, all lightly coated in a yummy savory seasoning. Besides being totally delicious, the adorable bunny-shaped crackers pack even more fun into the mix. Kiddos will enjoy the taste of this snack mix, and parents will love that it's made with real cheese and without artificial flavors or synthetic colors. It's excellent for snack packs, party mixes or anytime you and your family are craving something downright delicious. 

Annie's makes products in over 20 family-friendly categories —from fruit-flavored snacks and cereal to mac & cheese. For busy bunnies and families on the go, we help make life a little easier and more delicious by sweetening-up packed lunches or by adding to a savory, yummy dinner. Annie’s is devoted to spreading goodness through nourishing, tasty foods and kindness to the planet.",4.19,Snacks,"['https://target.scene7.com/is/image/Target/GUEST_fd19fabc-a56f-4ffc-884f-78adb2bd7f45 ', ' https://target.scene7.com/is/image/Target/GUEST_f1f138a4-ecda-46c9-aa56-ec0e82e200d3 ', ' https://target.scene7.com/is/image/Target/GUEST_dbf97f6b-320a-47e0-a3cc-f8ce0183496a ', ' https://target.scene7.com/is/image/Target/GUEST_8264888b-09c2-4485-af39-c7794b90041e ', ' https://target.scene7.com/is/image/Target/GUEST_859e8eb4-c9ac-4cdd-a8f4-e99ef0362e4a ', ' https://target.scene7.com/is/image/Target/GUEST_dbf97f6b-320a-47e0-a3cc-f8ce0183496a']",c99912bf-d1ae-5909-9440-a3361c7c086f,2022-06-12
72,Notorious Pink Grenache Rosé Wine - 750ml Bottle,Notorious Pink,https://target.scene7.com/is/image/Target/GUEST_2c343843-a855-4908-b492-64b177219ae5,52528986,"Notorious Pink is a special blush cuvée made from 100% Grenache, the leading grape varietal at Domaine la Colombette in the south of France. At this estate, the techniques used have been tried and tested. The grapes from the oldest vines are bled using the saignée method, while those from younger vines are pressed. After settling, the musts are fermented at low temperatures (14-18°). Blush pink in color, Notorious Pink is inviting with a pleasant under-ripe strawberry, mango, and citrus zest scent with a crisp and refreshing mineral character. Ours is not as dry as most French rosé wines and can be enjoyed with seafood, vegetables, pastas, and poultry dishes, but easily stands on it’s own. Perfect for every day in every season.",15.99,"Wine, Beer & Liquor","['https://target.scene7.com/is/image/Target/GUEST_2c343843-a855-4908-b492-64b177219ae5 ', ' https://target.scene7.com/is/image/Target/GUEST_41bf025a-bf53-4db0-98e1-7abe10af69b6 ', ' https://target.scene7.com/is/image/Target/GUEST_ff565c76-0ca7-49b1-9dfa-9ec18a71800e']",c11ff923-b7e7-5565-bd3d-b9133dfa76cc,2022-06-12
73,Gluten Free Chickpea Spaghetti - 8oz - Good & Gather™,Good & Gather,https://target.scene7.com/is/image/Target/GUEST_1a308868-3f68-45c7-b3b1-255ac34eb60a,78778996,"Going gluten-free doesn't mean you have to cut pasta out of your diet when you have Gluten-Free Chickpea Spaghetti from Good & Gather™ on hand. This gluten-free pasta has a classic spaghetti shape, but are made entirely from chickpeas, letting you enjoy your favorite pasta dishes while maintaining your gluten-free lifestyle. This chickpea pasta also makes a great alternative for those just looking to add some more protein into their diet, with each 3.5-ounce portion* dishing up 22 grams of protein. Use in place of traditional spaghetti or angel hair pasta in all your go-to pasta recipes. This pasta is made with no artificial flavors, preservatives or synthetic colors.<br /><br />Prep Directions:<br />1. Bring 4 quarts of water to a rolling boil; salt to taste, if desired.<br />2. Add pasta and return to a boil, stirring occasionally.**<br />3. Boil 8 to 10 minutes or until pasta is desired tenderness.<br />4. Remove from heat; rinse and drain.<br />**You may need to break spaghetti or stir as it softens to ensure it is fully covered with water.<br /><br />Every product that carries the Good & Gather™ name starts with quality ingredients that deliver great taste, making it easier for you and your family to eat well, every day. We promise you’ll love each bite, or your money back.",2.79,Pantry,"['https://target.scene7.com/is/image/Target/GUEST_1a308868-3f68-45c7-b3b1-255ac34eb60a ', ' https://target.scene7.com/is/image/Target/GUEST_f9239d0d-7c60-43dc-bbbc-863e6b3cb22f ', ' https://target.scene7.com/is/image/Target/GUEST_fea75a18-6a19-44bf-9330-17c9631fbdf8 ', ' https://target.scene7.com/is/image/Target/GUEST_756857f5-9465-46f6-9d90-3144107a2979 ', ' https://target.scene7.com/is/image/Target/GUEST_fea75a18-6a19-44bf-9330-17c9631fbdf8']",283fb4b1-813b-56f0-ab88-e59344112e5c,2022-06-12
75,Halo Top Mint Chip Ice Cream - 16oz,Halo Top,https://target.scene7.com/is/image/Target/GUEST_bba79185-63eb-47ac-b8e3-9b9cd347c1b2,51989280,"Treat yourself with the great tasting flavor of our Halo Top Mint Chip Frozen Dessert. Made with high-quality  ingredients, this any-time treat contains less sugar than regular ice cream but tastes just as good! Here at Halo Top, we believe that rules are meant to be frozen. That's why we think you can eat the whole pint! Indulge in your sweet cravings with this delectable and refreshing mint ice creamy dessert. Inside our Mint Chip light ice cream, the fresh taste of mint is best accompanied by rich chocolate chips and is only enhanced by a good source of protein. Together, the three are unstoppable at only 330 calories per pint.",4.99,Frozen Foods,"['https://target.scene7.com/is/image/Target/GUEST_bba79185-63eb-47ac-b8e3-9b9cd347c1b2 ', ' https://target.scene7.com/is/image/Target/GUEST_642c5737-e112-470b-99dc-f4b765213170 ', ' https://target.scene7.com/is/image/Target/GUEST_fee93528-2b37-43e7-a1f0-9dd8feb1b41e']",b389a787-bb91-5911-9810-19dd77a3faa7,2022-06-12
76,V8 Splash Strawberry Lemonade Juice - 64 fl oz Bottle,V8 Juice,https://target.scene7.com/is/image/Target/GUEST_3400ce64-6040-4109-9810-16722cd12fbf,16945433,"V8 Splash Strawberry Lemonade Flavored Beverage is a refreshing thirst-quencher for the whole family. Made with a 5% juice blend along with other natural flavors, this V8 juice features notes of strawberry, watermelon and bright citrus for a fun twist on a classic summer drink. Gluten free V8 Splash contains antioxidant C and B vitamins, and it has 25% less sugar than leading brands of juice drinks (1). Serve this strawberry pink lemonade anytime you need a taste of summer. 







(1) PER 8 FL OZ: LEADING SHELF STABLE BRANDS, 17G; SPLASH 12G",2.39,Beverages,"['https://target.scene7.com/is/image/Target/GUEST_3400ce64-6040-4109-9810-16722cd12fbf ', ' https://target.scene7.com/is/image/Target/GUEST_6c01aba3-bf6d-4b7e-920f-80e98843f3eb ', ' https://target.scene7.com/is/image/Target/GUEST_4b49b5ee-4772-480c-9516-8e64b42cb1e1 ', ' https://target.scene7.com/is/image/Target/GUEST_2f120afb-d357-4f38-9f2b-0a0a17e50d05 ', ' https://target.scene7.com/is/image/Target/GUEST_8c53e966-b328-4ccb-9ca4-227a4204296d']",6cdb4875-a85e-50c1-8085-76f6de0c36ef,2022-06-12
